year,yday,dayl (s),prcp (mm/day),srad (W/m^2),swe (kg/m^2),tmax (deg c),tmin (deg c),vp (Pa),Soil type,Soil pH,Soil Organic matter %,Sand Content %,Clay Content %,Silt Content %, soil bulk density (grams per cubic centimeter), wilting point %,field capacity %,saturation point (cm),Yield
1982,1,33868.80078,8,144,0,7,-2.5,520,Faywood silt loam,6.5,0.8,5.9,39.5,54.6,1.39,22.3,31.2,>200,0
1982,2,33868.80078,0,208,0,6,-4.5,440,Faywood silt loam,6.5,0.8,5.9,39.5,54.6,1.39,22.3,31.2,>200,0
1982,3,33868.80078,10,153.6000061,0,10,-0.5,600,Faywood silt loam,6.5,0.8,5.9,39.5,54.6,1.39,22.3,31.2,>200,0
1982,4,33868.80078,26,160,0,15.5,4,800,Faywood silt loam,6.5,0.8,5.9,39.5,54.6,1.39,22.3,31.2,>200,0
1982,5,33868.80078,4,198.3999939,0,10.5,-5.5,400,Faywood silt loam,6.5,0.8,5.9,39.5,54.6,1.39,22.3,31.2,>200,0
1982,6,34214.39844,0,233.6000061,0,10,-2.5,520,Faywood silt loam,6.5,0.8,5.9,39.5,54.6,1.39,22.3,31.2,>200,0
1982,7,34214.39844,5,185.6000061,0,12.5,-1.5,560,Faywood silt loam,6.5,0.8,5.9,39.5,54.6,1.39,22.3,31.2,>200,0
1982,8,34214.39844,0,246.3999939,0,1,-12,240,Faywood silt loam,6.5,0.8,5.9,39.5,54.6,1.39,22.3,31.2,>200,0
1982,9,34214.39844,0,217.6000061,0,-1.5,-12,240,Faywood silt loam,6.5,0.8,5.9,39.5,54.6,1.39,22.3,31.2,>200,0
1982,10,34214.39844,0,284.7999878,0,-6.5,-24,80,Faywood silt loam,6.5,0.8,5.9,39.5,54.6,1.39,22.3,31.2,>200,0
1982,11,34214.39844,0,192,0,-15,-23.5,80,Faywood silt loam,6.5,0.8,5.9,39.5,54.6,1.39,22.3,31.2,>200,0
1982,12,34560,0,182.3999939,0,-9,-17,160,Faywood silt loam,6.5,0.8,5.9,39.5,54.6,1.39,22.3,31.2,>200,0
1982,13,34560,5,128,4,-4,-10.5,280,Faywood silt loam,6.5,0.8,5.9,39.5,54.6,1.39,22.3,31.2,>200,0
1982,14,34560,0,182.3999939,4,-2.5,-9.5,280,Faywood silt loam,6.5,0.8,5.9,39.5,54.6,1.39,22.3,31.2,>200,0
1982,15,34560,0,204.8000031,4,-3,-11,280,Faywood silt loam,6.5,0.8,5.9,39.5,54.6,1.39,22.3,31.2,>200,0
1982,16,34560,0,310.3999939,4,2,-13,240,Faywood silt loam,6.5,0.8,5.9,39.5,54.6,1.39,22.3,31.2,>200,0
1982,17,34905.60156,0,345.6000061,4,-6.5,-26.5,80,Faywood silt loam,6.5,0.8,5.9,39.5,54.6,1.39,22.3,31.2,>200,0
1982,18,34905.60156,0,320,4,-7,-22.5,120,Faywood silt loam,6.5,0.8,5.9,39.5,54.6,1.39,22.3,31.2,>200,0
1982,19,34905.60156,0,288,4,3.5,-9,320,Faywood silt loam,6.5,0.8,5.9,39.5,54.6,1.39,22.3,31.2,>200,0
1982,20,34905.60156,0,160,4,5,-1,560,Faywood silt loam,6.5,0.8,5.9,39.5,54.6,1.39,22.3,31.2,>200,0
1982,21,35251.19922,12,92.80000305,0,5,0.5,640,Faywood silt loam,6.5,0.8,5.9,39.5,54.6,1.39,22.3,31.2,>200,0
1982,22,35251.19922,17,124.8000031,0,6,-1,560,Faywood silt loam,6.5,0.8,5.9,39.5,54.6,1.39,22.3,31.2,>200,0
1982,23,35251.19922,46,182.3999939,0,12.5,1,640,Faywood silt loam,6.5,0.8,5.9,39.5,54.6,1.39,22.3,31.2,>200,0
1982,24,35596.80078,0,307.2000122,0,9,-8.5,320,Faywood silt loam,6.5,0.8,5.9,39.5,54.6,1.39,22.3,31.2,>200,0
1982,25,35596.80078,0,208,0,-0.5,-9,320,Faywood silt loam,6.5,0.8,5.9,39.5,54.6,1.39,22.3,31.2,>200,0
1982,26,35596.80078,0,294.3999939,0,-0.5,-15,200,Faywood silt loam,6.5,0.8,5.9,39.5,54.6,1.39,22.3,31.2,>200,0
1982,27,35596.80078,0,307.2000122,0,0.5,-15,200,Faywood silt loam,6.5,0.8,5.9,39.5,54.6,1.39,22.3,31.2,>200,0
1982,28,35942.39844,0,300.7999878,0,8.5,-6.5,360,Faywood silt loam,6.5,0.8,5.9,39.5,54.6,1.39,22.3,31.2,>200,0
1982,29,35942.39844,0,323.2000122,0,9.5,-8.5,320,Faywood silt loam,6.5,0.8,5.9,39.5,54.6,1.39,22.3,31.2,>200,0
1982,30,35942.39844,3,233.6000061,0,12.5,-3.5,480,Faywood silt loam,6.5,0.8,5.9,39.5,54.6,1.39,22.3,31.2,>200,0
1982,31,36288,14,182.3999939,0,15.5,5,880,Faywood silt loam,6.5,0.8,5.9,39.5,54.6,1.39,22.3,31.2,>200,0
1982,32,36288,15,236.8000031,0,11,-5,440,Faywood silt loam,6.5,0.8,5.9,39.5,54.6,1.39,22.3,31.2,>200,0
1982,33,36288,0,195.1999969,0,2.5,-5,440,Faywood silt loam,6.5,0.8,5.9,39.5,54.6,1.39,22.3,31.2,>200,0
1982,34,36633.60156,4,156.8000031,0,6,-2,520,Faywood silt loam,6.5,0.8,5.9,39.5,54.6,1.39,22.3,31.2,>200,0
1982,35,36633.60156,8,176,0,6,-3,480,Faywood silt loam,6.5,0.8,5.9,39.5,54.6,1.39,22.3,31.2,>200,0
1982,36,36633.60156,0,160,0,2.5,-3,480,Faywood silt loam,6.5,0.8,5.9,39.5,54.6,1.39,22.3,31.2,>200,0
1982,37,36979.19922,4,275.2000122,4,6,-9,320,Faywood silt loam,6.5,0.8,5.9,39.5,54.6,1.39,22.3,31.2,>200,0
1982,38,36979.19922,0,358.3999939,4,-1,-14.5,200,Faywood silt loam,6.5,0.8,5.9,39.5,54.6,1.39,22.3,31.2,>200,0
1982,39,36979.19922,0,374.3999939,4,3.5,-11.5,240,Faywood silt loam,6.5,0.8,5.9,39.5,54.6,1.39,22.3,31.2,>200,0
1982,40,37324.80078,22,240,24,4,-6.5,360,Faywood silt loam,6.5,0.8,5.9,39.5,54.6,1.39,22.3,31.2,>200,0
1982,41,37324.80078,0,400,24,-1,-17,160,Faywood silt loam,6.5,0.8,5.9,39.5,54.6,1.39,22.3,31.2,>200,0
1982,42,37670.39844,0,332.7999878,24,-2.5,-13.5,200,Faywood silt loam,6.5,0.8,5.9,39.5,54.6,1.39,22.3,31.2,>200,0
1982,43,37670.39844,0,288,24,1.5,-7.5,360,Faywood silt loam,6.5,0.8,5.9,39.5,54.6,1.39,22.3,31.2,>200,0
1982,44,37670.39844,5,166.3999939,32,0.5,-6,400,Faywood silt loam,6.5,0.8,5.9,39.5,54.6,1.39,22.3,31.2,>200,0
1982,45,38016,0,371.2000122,32,4,-9,320,Faywood silt loam,6.5,0.8,5.9,39.5,54.6,1.39,22.3,31.2,>200,0
1982,46,38016,0,400,32,11,-4.5,440,Faywood silt loam,6.5,0.8,5.9,39.5,54.6,1.39,22.3,31.2,>200,0
1982,47,38361.60156,10,198.3999939,24,12.5,4.5,840,Faywood silt loam,6.5,0.8,5.9,39.5,54.6,1.39,22.3,31.2,>200,0
1982,48,38361.60156,18,192,20,12.5,5,880,Faywood silt loam,6.5,0.8,5.9,39.5,54.6,1.39,22.3,31.2,>200,0
1982,49,38361.60156,2,230.3999939,16,9.5,3,760,Faywood silt loam,6.5,0.8,5.9,39.5,54.6,1.39,22.3,31.2,>200,0
1982,50,38707.19922,3,198.3999939,16,9,1.5,680,Faywood silt loam,6.5,0.8,5.9,39.5,54.6,1.39,22.3,31.2,>200,0
1982,51,38707.19922,0,316.7999878,12,10,0.5,640,Faywood silt loam,6.5,0.8,5.9,39.5,54.6,1.39,22.3,31.2,>200,0
1982,52,39052.80078,2,396.7999878,8,15,1,640,Faywood silt loam,6.5,0.8,5.9,39.5,54.6,1.39,22.3,31.2,>200,0
1982,53,39052.80078,0,281.6000061,8,7.5,-0.5,600,Faywood silt loam,6.5,0.8,5.9,39.5,54.6,1.39,22.3,31.2,>200,0
1982,54,39052.80078,0,419.2000122,4,13,-2,520,Faywood silt loam,6.5,0.8,5.9,39.5,54.6,1.39,22.3,31.2,>200,0
1982,55,39398.39844,0,451.2000122,4,20,0,600,Faywood silt loam,6.5,0.8,5.9,39.5,54.6,1.39,22.3,31.2,>200,0
1982,56,39398.39844,0,441.6000061,0,13,-4,440,Faywood silt loam,6.5,0.8,5.9,39.5,54.6,1.39,22.3,31.2,>200,0
1982,57,39744,0,368,0,4,-7,360,Faywood silt loam,6.5,0.8,5.9,39.5,54.6,1.39,22.3,31.2,>200,0
1982,58,39744,0,348.7999878,0,6,-4,440,Faywood silt loam,6.5,0.8,5.9,39.5,54.6,1.39,22.3,31.2,>200,0
1982,59,39744,0,345.6000061,0,9.5,-2,520,Faywood silt loam,6.5,0.8,5.9,39.5,54.6,1.39,22.3,31.2,>200,0
1982,60,40089.60156,0,390.3999939,0,14,-0.5,600,Faywood silt loam,6.5,0.8,5.9,39.5,54.6,1.39,22.3,31.2,>200,0
1982,61,40089.60156,0,403.2000122,0,16.5,0.5,640,Faywood silt loam,6.5,0.8,5.9,39.5,54.6,1.39,22.3,31.2,>200,0
1982,62,40435.19922,4,316.7999878,0,16.5,-1.5,560,Faywood silt loam,6.5,0.8,5.9,39.5,54.6,1.39,22.3,31.2,>200,0
1982,63,40435.19922,4,275.2000122,0,10.5,-2,520,Faywood silt loam,6.5,0.8,5.9,39.5,54.6,1.39,22.3,31.2,>200,0
1982,64,40780.80078,7,316.7999878,0,16,-1.5,560,Faywood silt loam,6.5,0.8,5.9,39.5,54.6,1.39,22.3,31.2,>200,0
1982,65,40780.80078,4,99.19999695,0,2,-1.5,560,Faywood silt loam,6.5,0.8,5.9,39.5,54.6,1.39,22.3,31.2,>200,0
1982,66,40780.80078,6,150.3999939,0,2,-3.5,480,Faywood silt loam,6.5,0.8,5.9,39.5,54.6,1.39,22.3,31.2,>200,0
1982,67,41126.39844,0,336,0,3,-7,360,Faywood silt loam,6.5,0.8,5.9,39.5,54.6,1.39,22.3,31.2,>200,0
1982,68,41126.39844,0,377.6000061,0,7.5,-4.5,440,Faywood silt loam,6.5,0.8,5.9,39.5,54.6,1.39,22.3,31.2,>200,0
1982,69,41472,0,377.6000061,0,11,-1,560,Faywood silt loam,6.5,0.8,5.9,39.5,54.6,1.39,22.3,31.2,>200,0
1982,70,41472,0,374.3999939,0,15.5,3.5,800,Faywood silt loam,6.5,0.8,5.9,39.5,54.6,1.39,22.3,31.2,>200,0
1982,71,41817.60156,25,332.7999878,0,19,1.5,680,Faywood silt loam,6.5,0.8,5.9,39.5,54.6,1.39,22.3,31.2,>200,0
1982,72,41817.60156,7,326.3999939,0,21,4,800,Faywood silt loam,6.5,0.8,5.9,39.5,54.6,1.39,22.3,31.2,>200,0
1982,73,41817.60156,7,313.6000061,0,15.5,1,640,Faywood silt loam,6.5,0.8,5.9,39.5,54.6,1.39,22.3,31.2,>200,0
1982,74,42163.19922,15,281.6000061,0,14.5,2.5,720,Faywood silt loam,6.5,0.8,5.9,39.5,54.6,1.39,22.3,31.2,>200,0
1982,75,42163.19922,5,265.6000061,0,17,6,920,Faywood silt loam,6.5,0.8,5.9,39.5,54.6,1.39,22.3,31.2,>200,0
1982,76,42508.80078,15,310.3999939,0,23.5,8.5,1120,Faywood silt loam,6.5,0.8,5.9,39.5,54.6,1.39,22.3,31.2,>200,0
1982,77,42508.80078,0,464,0,23,3.5,800,Faywood silt loam,6.5,0.8,5.9,39.5,54.6,1.39,22.3,31.2,>200,0
1982,78,42854.39844,4,332.7999878,0,24.5,6.5,960,Faywood silt loam,6.5,0.8,5.9,39.5,54.6,1.39,22.3,31.2,>200,0
1982,79,42854.39844,4,230.3999939,0,17.5,8,1080,Faywood silt loam,6.5,0.8,5.9,39.5,54.6,1.39,22.3,31.2,>200,0
1982,80,43200,8,297.6000061,0,22.5,8.5,1120,Faywood silt loam,6.5,0.8,5.9,39.5,54.6,1.39,22.3,31.2,>200,0
1982,81,43200,0,457.6000061,0,17,-0.5,600,Faywood silt loam,6.5,0.8,5.9,39.5,54.6,1.39,22.3,31.2,>200,0
1982,82,43200,0,419.2000122,0,11,-3,480,Faywood silt loam,6.5,0.8,5.9,39.5,54.6,1.39,22.3,31.2,>200,0
1982,83,43545.60156,0,441.6000061,0,16.5,0.5,640,Faywood silt loam,6.5,0.8,5.9,39.5,54.6,1.39,22.3,31.2,>200,0
1982,84,43545.60156,0,457.6000061,0,19.5,2,720,Faywood silt loam,6.5,0.8,5.9,39.5,54.6,1.39,22.3,31.2,>200,0
1982,85,43891.19922,9,332.7999878,0,13.5,-2,520,Faywood silt loam,6.5,0.8,5.9,39.5,54.6,1.39,22.3,31.2,>200,0
1982,86,43891.19922,0,329.6000061,0,4,-5.5,400,Faywood silt loam,6.5,0.8,5.9,39.5,54.6,1.39,22.3,31.2,>200,0
1982,87,44236.80078,0,416,0,5,-8,320,Faywood silt loam,6.5,0.8,5.9,39.5,54.6,1.39,22.3,31.2,>200,0
1982,88,44236.80078,0,492.7999878,0,14,-5,440,Faywood silt loam,6.5,0.8,5.9,39.5,54.6,1.39,22.3,31.2,>200,0
1982,89,44582.39844,0,444.7999878,0,20,4,800,Faywood silt loam,6.5,0.8,5.9,39.5,54.6,1.39,22.3,31.2,>200,0
1982,90,44582.39844,23,291.2000122,0,22.5,9.5,1200,Faywood silt loam,6.5,0.8,5.9,39.5,54.6,1.39,22.3,31.2,>200,0
1982,91,44582.39844,4,371.2000122,0,21.5,1.5,680,Faywood silt loam,6.5,0.8,5.9,39.5,54.6,1.39,22.3,31.2,>200,0
1982,92,44928,0,480,0,22.5,4,800,Faywood silt loam,6.5,0.8,5.9,39.5,54.6,1.39,22.3,31.2,>200,0
1982,93,44928,24,316.7999878,0,22,7.5,1040,Faywood silt loam,6.5,0.8,5.9,39.5,54.6,1.39,22.3,31.2,>200,0
1982,94,45273.60156,0,387.2000122,0,14.5,2.5,720,Faywood silt loam,6.5,0.8,5.9,39.5,54.6,1.39,22.3,31.2,>200,0
1982,95,45273.60156,0,377.6000061,0,12,0.5,640,Faywood silt loam,6.5,0.8,5.9,39.5,54.6,1.39,22.3,31.2,>200,0
1982,96,45619.19922,6,348.7999878,0,11,-5,440,Faywood silt loam,6.5,0.8,5.9,39.5,54.6,1.39,22.3,31.2,>200,0
1982,97,45619.19922,0,384,0,3.5,-8,320,Faywood silt loam,6.5,0.8,5.9,39.5,54.6,1.39,22.3,31.2,>200,0
1982,98,45619.19922,3,246.3999939,0,5.5,-4,440,Faywood silt loam,6.5,0.8,5.9,39.5,54.6,1.39,22.3,31.2,>200,0
1982,99,45964.80078,6,179.1999969,0,5.5,-1,560,Faywood silt loam,6.5,0.8,5.9,39.5,54.6,1.39,22.3,31.2,>200,0
1982,100,45964.80078,0,288,0,7.5,-0.5,600,Faywood silt loam,6.5,0.8,5.9,39.5,54.6,1.39,22.3,31.2,>200,0
1982,101,46310.39844,0,412.7999878,0,12.5,0,600,Faywood silt loam,6.5,0.8,5.9,39.5,54.6,1.39,22.3,31.2,>200,0
1982,102,46310.39844,0,457.6000061,0,18,3,760,Faywood silt loam,6.5,0.8,5.9,39.5,54.6,1.39,22.3,31.2,>200,0
1982,103,46656,0,406.3999939,0,23,10,1240,Faywood silt loam,6.5,0.8,5.9,39.5,54.6,1.39,22.3,31.2,>200,0
1982,104,46656,0,508.7999878,0,22.5,3.5,800,Faywood silt loam,6.5,0.8,5.9,39.5,54.6,1.39,22.3,31.2,>200,0
1982,105,46656,0,512,0,24,4,800,Faywood silt loam,6.5,0.8,5.9,39.5,54.6,1.39,22.3,31.2,>200,0
1982,106,47001.60156,0,451.2000122,0,27,11,1320,Faywood silt loam,6.5,0.8,5.9,39.5,54.6,1.39,22.3,31.2,>200,0
1982,107,47001.60156,20,294.3999939,0,24,11.5,1360,Faywood silt loam,6.5,0.8,5.9,39.5,54.6,1.39,22.3,31.2,>200,0
1982,108,47347.19922,9,364.7999878,0,19,2.5,720,Faywood silt loam,6.5,0.8,5.9,39.5,54.6,1.39,22.3,31.2,>200,0
1982,109,47347.19922,0,457.6000061,0,19.5,4.5,840,Faywood silt loam,6.5,0.8,5.9,39.5,54.6,1.39,22.3,31.2,>200,0
1982,110,47347.19922,0,342.3999939,0,19,9,1160,Faywood silt loam,6.5,0.8,5.9,39.5,54.6,1.39,22.3,31.2,>200,0
1982,111,47692.80078,0,454.3999939,0,15.5,1.5,680,Faywood silt loam,6.5,0.8,5.9,39.5,54.6,1.39,22.3,31.2,>200,0
1982,112,47692.80078,0,400,0,14.5,3,760,Faywood silt loam,6.5,0.8,5.9,39.5,54.6,1.39,22.3,31.2,>200,0
1982,113,48038.39844,0,537.5999756,0,17,-2.5,520,Faywood silt loam,6.5,0.8,5.9,39.5,54.6,1.39,22.3,31.2,>200,0
1982,114,48038.39844,0,528,0,20,1,640,Faywood silt loam,6.5,0.8,5.9,39.5,54.6,1.39,22.3,31.2,>200,0
1982,115,48038.39844,0,505.6000061,0,21.5,4,800,Faywood silt loam,6.5,0.8,5.9,39.5,54.6,1.39,22.3,31.2,>200,0
1982,116,48384,0,400,0,20,8,1080,Faywood silt loam,6.5,0.8,5.9,39.5,54.6,1.39,22.3,31.2,>200,0
1982,117,48384,0,332.7999878,0,19.5,10,1240,Faywood silt loam,6.5,0.8,5.9,39.5,54.6,1.39,22.3,31.2,>200,0
1982,118,48729.60156,0,489.6000061,0,17,1.5,680,Faywood silt loam,6.5,0.8,5.9,39.5,54.6,1.39,22.3,31.2,>200,0
1982,119,48729.60156,0,451.2000122,0,17.5,4,800,Faywood silt loam,6.5,0.8,5.9,39.5,54.6,1.39,22.3,31.2,>200,0
1982,120,48729.60156,0,444.7999878,0,19.5,6,920,Faywood silt loam,6.5,0.8,5.9,39.5,54.6,1.39,22.3,31.2,>200,0
1982,121,49075.19922,0,451.2000122,0,23,9,1160,Faywood silt loam,6.5,0.8,5.9,39.5,54.6,1.39,22.3,31.2,>200,0
1982,122,49075.19922,0,464,0,23.5,9,1160,Faywood silt loam,6.5,0.8,5.9,39.5,54.6,1.39,22.3,31.2,>200,0
1982,123,49420.80078,0,531.2000122,0,24.5,5.5,920,Faywood silt loam,6.5,0.8,5.9,39.5,54.6,1.39,22.3,31.2,>200,0
1982,124,49420.80078,0,531.2000122,0,26,6.5,960,Faywood silt loam,6.5,0.8,5.9,39.5,54.6,1.39,22.3,31.2,>200,0
1982,125,49420.80078,0,528,0,28,8,1080,Faywood silt loam,6.5,0.8,5.9,39.5,54.6,1.39,22.3,31.2,>200,0
1982,126,49766.39844,0,518.4000244,0,29,9.5,1200,Faywood silt loam,6.5,0.8,5.9,39.5,54.6,1.39,22.3,31.2,>200,0
1982,127,49766.39844,0,457.6000061,0,28,12.5,1440,Faywood silt loam,6.5,0.8,5.9,39.5,54.6,1.39,22.3,31.2,>200,0
1982,128,49766.39844,11,320,0,23.5,10,1240,Faywood silt loam,6.5,0.8,5.9,39.5,54.6,1.39,22.3,31.2,>200,0
1982,129,50112,0,476.7999878,0,23.5,7.5,1040,Faywood silt loam,6.5,0.8,5.9,39.5,54.6,1.39,22.3,31.2,>200,0
1982,130,50112,0,499.2000122,0,26,8,1080,Faywood silt loam,6.5,0.8,5.9,39.5,54.6,1.39,22.3,31.2,>200,0
1982,131,50112,0,499.2000122,0,27.5,9,1160,Faywood silt loam,6.5,0.8,5.9,39.5,54.6,1.39,22.3,31.2,>200,0
1982,132,50457.60156,0,512,0,30,10,1240,Faywood silt loam,6.5,0.8,5.9,39.5,54.6,1.39,22.3,31.2,>200,0
1982,133,50457.60156,0,489.6000061,0,31.5,12.5,1440,Faywood silt loam,6.5,0.8,5.9,39.5,54.6,1.39,22.3,31.2,>200,0
1982,134,50457.60156,0,467.2000122,0,31.5,14,1600,Faywood silt loam,6.5,0.8,5.9,39.5,54.6,1.39,22.3,31.2,>200,0
1982,135,50803.19922,0,444.7999878,0,31,15,1720,Faywood silt loam,6.5,0.8,5.9,39.5,54.6,1.39,22.3,31.2,>200,0
1982,136,50803.19922,0,435.2000122,0,30.5,15,1720,Faywood silt loam,6.5,0.8,5.9,39.5,54.6,1.39,22.3,31.2,>200,0
1982,137,50803.19922,0,457.6000061,0,30,13.5,1560,Faywood silt loam,6.5,0.8,5.9,39.5,54.6,1.39,22.3,31.2,>200,0
1982,138,50803.19922,0,460.7999878,0,31,14,1600,Faywood silt loam,6.5,0.8,5.9,39.5,54.6,1.39,22.3,31.2,>200,0
1982,139,51148.80078,9,336,0,30,14,1600,Faywood silt loam,6.5,0.8,5.9,39.5,54.6,1.39,22.3,31.2,>200,0
1982,140,51148.80078,0,361.6000061,0,28,16,1800,Faywood silt loam,6.5,0.8,5.9,39.5,54.6,1.39,22.3,31.2,>200,0
1982,141,51148.80078,22,272,0,27.5,15.5,1760,Faywood silt loam,6.5,0.8,5.9,39.5,54.6,1.39,22.3,31.2,>200,0
1982,142,51494.39844,23,291.2000122,0,28,15,1720,Faywood silt loam,6.5,0.8,5.9,39.5,54.6,1.39,22.3,31.2,>200,0
1982,143,51494.39844,5,256,0,27,16,1800,Faywood silt loam,6.5,0.8,5.9,39.5,54.6,1.39,22.3,31.2,>200,0
1982,144,51494.39844,0,336,0,26.5,16,1800,Faywood silt loam,6.5,0.8,5.9,39.5,54.6,1.39,22.3,31.2,>200,0
1982,145,51494.39844,0,393.6000061,0,26.5,14,1600,Faywood silt loam,6.5,0.8,5.9,39.5,54.6,1.39,22.3,31.2,>200,0
1982,146,51840,0,364.7999878,0,27,15.5,1760,Faywood silt loam,6.5,0.8,5.9,39.5,54.6,1.39,22.3,31.2,>200,0
1982,147,51840,10,272,0,27.5,16,1800,Faywood silt loam,6.5,0.8,5.9,39.5,54.6,1.39,22.3,31.2,>200,0
1982,148,51840,6,252.8000031,0,27.5,17,1920,Faywood silt loam,6.5,0.8,5.9,39.5,54.6,1.39,22.3,31.2,>200,0
1982,149,51840,14,268.7999878,0,29,17.5,2000,Faywood silt loam,6.5,0.8,5.9,39.5,54.6,1.39,22.3,31.2,>200,0
1982,150,51840,0,374.3999939,0,29.5,17.5,2000,Faywood silt loam,6.5,0.8,5.9,39.5,54.6,1.39,22.3,31.2,>200,0
1982,151,52185.60156,0,336,0,28.5,18,2080,Faywood silt loam,6.5,0.8,5.9,39.5,54.6,1.39,22.3,31.2,>200,0
1982,152,52185.60156,14,256,0,27.5,17,1920,Faywood silt loam,6.5,0.8,5.9,39.5,54.6,1.39,22.3,31.2,>200,0
1982,153,52185.60156,0,380.7999878,0,22,11,1320,Faywood silt loam,6.5,0.8,5.9,39.5,54.6,1.39,22.3,31.2,>200,0
1982,154,52185.60156,0,419.2000122,0,24.5,12,1400,Faywood silt loam,6.5,0.8,5.9,39.5,54.6,1.39,22.3,31.2,>200,0
1982,155,52185.60156,0,432,0,25,12,1400,Faywood silt loam,6.5,0.8,5.9,39.5,54.6,1.39,22.3,31.2,>200,0
1982,156,52185.60156,16,272,0,22.5,12.5,1440,Faywood silt loam,6.5,0.8,5.9,39.5,54.6,1.39,22.3,31.2,>200,0
1982,157,52531.19922,0,435.2000122,0,23.5,11,1320,Faywood silt loam,6.5,0.8,5.9,39.5,54.6,1.39,22.3,31.2,>200,0
1982,158,52531.19922,0,451.2000122,0,25.5,12,1400,Faywood silt loam,6.5,0.8,5.9,39.5,54.6,1.39,22.3,31.2,>200,0
1982,159,52531.19922,0,396.7999878,0,27,15.5,1760,Faywood silt loam,6.5,0.8,5.9,39.5,54.6,1.39,22.3,31.2,>200,0
1982,160,52531.19922,23,355.2000122,0,29,14,1600,Faywood silt loam,6.5,0.8,5.9,39.5,54.6,1.39,22.3,31.2,>200,0
1982,161,52531.19922,29,332.7999878,0,29,15.5,1760,Faywood silt loam,6.5,0.8,5.9,39.5,54.6,1.39,22.3,31.2,>200,0
1982,162,52531.19922,9,358.3999939,0,25,11,1320,Faywood silt loam,6.5,0.8,5.9,39.5,54.6,1.39,22.3,31.2,>200,0
1982,163,52531.19922,0,435.2000122,0,24.5,12.5,1440,Faywood silt loam,6.5,0.8,5.9,39.5,54.6,1.39,22.3,31.2,>200,0
1982,164,52531.19922,0,396.7999878,0,24.5,14,1600,Faywood silt loam,6.5,0.8,5.9,39.5,54.6,1.39,22.3,31.2,>200,0
1982,165,52531.19922,0,502.3999939,0,26,11,1320,Faywood silt loam,6.5,0.8,5.9,39.5,54.6,1.39,22.3,31.2,>200,0
1982,166,52876.80078,0,512,0,28,12,1400,Faywood silt loam,6.5,0.8,5.9,39.5,54.6,1.39,22.3,31.2,>200,0
1982,167,52876.80078,19,348.7999878,0,28,14.5,1640,Faywood silt loam,6.5,0.8,5.9,39.5,54.6,1.39,22.3,31.2,>200,0
1982,168,52876.80078,19,268.7999878,0,24.5,15.5,1760,Faywood silt loam,6.5,0.8,5.9,39.5,54.6,1.39,22.3,31.2,>200,0
1982,169,52876.80078,0,467.2000122,0,26,13,1480,Faywood silt loam,6.5,0.8,5.9,39.5,54.6,1.39,22.3,31.2,>200,0
1982,170,52876.80078,0,483.2000122,0,27,13,1480,Faywood silt loam,6.5,0.8,5.9,39.5,54.6,1.39,22.3,31.2,>200,0
1982,171,52876.80078,0,502.3999939,0,24,9.5,1200,Faywood silt loam,6.5,0.8,5.9,39.5,54.6,1.39,22.3,31.2,>200,0
1982,172,52876.80078,0,467.2000122,0,25.5,12.5,1440,Faywood silt loam,6.5,0.8,5.9,39.5,54.6,1.39,22.3,31.2,>200,0
1982,173,52876.80078,0,480,0,27,13,1480,Faywood silt loam,6.5,0.8,5.9,39.5,54.6,1.39,22.3,31.2,>200,0
1982,174,52876.80078,0,489.6000061,0,26.5,12,1400,Faywood silt loam,6.5,0.8,5.9,39.5,54.6,1.39,22.3,31.2,>200,0.50948352
1982,175,52876.80078,0,505.6000061,0,25,10,1240,Faywood silt loam,6.5,0.8,5.9,39.5,54.6,1.39,22.3,31.2,>200,1.912214355
1982,176,52876.80078,0,512,0,27,11,1320,Faywood silt loam,6.5,0.8,5.9,39.5,54.6,1.39,22.3,31.2,>200,4.402667514
1982,177,52876.80078,0,499.2000122,0,30,14,1600,Faywood silt loam,6.5,0.8,5.9,39.5,54.6,1.39,22.3,31.2,>200,7.801567918
1982,178,52876.80078,0,448,0,29.5,16,1800,Faywood silt loam,6.5,0.8,5.9,39.5,54.6,1.39,22.3,31.2,>200,11.79604459
1982,179,52531.19922,7,272,0,28,18,2080,Faywood silt loam,6.5,0.8,5.9,39.5,54.6,1.39,22.3,31.2,>200,16.06518032
1982,180,52531.19922,8,259.2000122,0,28.5,19,2200,Faywood silt loam,6.5,0.8,5.9,39.5,54.6,1.39,22.3,31.2,>200,21.05696978
1982,181,52531.19922,0,406.3999939,0,28,16.5,1880,Faywood silt loam,6.5,0.8,5.9,39.5,54.6,1.39,22.3,31.2,>200,27.21248466
1982,182,52531.19922,0,483.2000122,0,26,11.5,1360,Faywood silt loam,6.5,0.8,5.9,39.5,54.6,1.39,22.3,31.2,>200,33.50230027
1982,183,52531.19922,0,486.3999939,0,27,12,1400,Faywood silt loam,6.5,0.8,5.9,39.5,54.6,1.39,22.3,31.2,>200,41.83389419
1982,184,52531.19922,0,416,0,28,16,1800,Faywood silt loam,6.5,0.8,5.9,39.5,54.6,1.39,22.3,31.2,>200,51.4234668
1982,185,52531.19922,0,396.7999878,0,29.5,18,2080,Faywood silt loam,6.5,0.8,5.9,39.5,54.6,1.39,22.3,31.2,>200,61.97647138
1982,186,52531.19922,0,457.6000061,0,31,16.5,1880,Faywood silt loam,6.5,0.8,5.9,39.5,54.6,1.39,22.3,31.2,>200,73.57693905
1982,187,52531.19922,0,432,0,32,18.5,2120,Faywood silt loam,6.5,0.8,5.9,39.5,54.6,1.39,22.3,31.2,>200,85.93280896
1982,188,52531.19922,0,368,0,32,21,2480,Faywood silt loam,6.5,0.8,5.9,39.5,54.6,1.39,22.3,31.2,>200,98.90325517
1982,189,52185.60156,15,288,0,31,19.5,2280,Faywood silt loam,6.5,0.8,5.9,39.5,54.6,1.39,22.3,31.2,>200,112.5211715
1982,190,52185.60156,7,297.6000061,0,29.5,18,2080,Faywood silt loam,6.5,0.8,5.9,39.5,54.6,1.39,22.3,31.2,>200,125.0253316
1982,191,52185.60156,0,352,0,29.5,19.5,2280,Faywood silt loam,6.5,0.8,5.9,39.5,54.6,1.39,22.3,31.2,>200,138.7526758
1982,192,52185.60156,6,288,0,29.5,18.5,2120,Faywood silt loam,6.5,0.8,5.9,39.5,54.6,1.39,22.3,31.2,>200,155.3678788
1982,193,52185.60156,0,412.7999878,0,29,17,1920,Faywood silt loam,6.5,0.8,5.9,39.5,54.6,1.39,22.3,31.2,>200,172.9872644
1982,194,51840,0,438.3999939,0,28.5,15.5,1760,Faywood silt loam,6.5,0.8,5.9,39.5,54.6,1.39,22.3,31.2,>200,187.7830527
1982,195,51840,0,435.2000122,0,29.5,16.5,1880,Faywood silt loam,6.5,0.8,5.9,39.5,54.6,1.39,22.3,31.2,>200,206.3246005
1982,196,51840,0,441.6000061,0,31,17.5,2000,Faywood silt loam,6.5,0.8,5.9,39.5,54.6,1.39,22.3,31.2,>200,226.6326711
1982,197,51840,0,428.7999878,0,31.5,18.5,2120,Faywood silt loam,6.5,0.8,5.9,39.5,54.6,1.39,22.3,31.2,>200,247.7711289
1982,198,51840,0,409.6000061,0,32.5,20,2320,Faywood silt loam,6.5,0.8,5.9,39.5,54.6,1.39,22.3,31.2,>200,268.7380816
1982,199,51494.39844,0,396.7999878,0,32.5,20.5,2400,Faywood silt loam,6.5,0.8,5.9,39.5,54.6,1.39,22.3,31.2,>200,287.2121973
1982,200,51494.39844,13,291.2000122,0,32,20.5,2400,Faywood silt loam,6.5,0.8,5.9,39.5,54.6,1.39,22.3,31.2,>200,307.2537784
1982,201,51494.39844,29,320,0,32,19,2200,Faywood silt loam,6.5,0.8,5.9,39.5,54.6,1.39,22.3,31.2,>200,331.7178644
1982,202,51494.39844,0,422.3999939,0,30,17.5,2000,Faywood silt loam,6.5,0.8,5.9,39.5,54.6,1.39,22.3,31.2,>200,355.773617
1982,203,51148.80078,0,422.3999939,0,30.5,18,2080,Faywood silt loam,6.5,0.8,5.9,39.5,54.6,1.39,22.3,31.2,>200,383.216295
1982,204,51148.80078,28,262.3999939,0,28.5,19,2200,Faywood silt loam,6.5,0.8,5.9,39.5,54.6,1.39,22.3,31.2,>200,412.0686233
1982,205,51148.80078,0,390.3999939,0,29.5,18.5,2120,Faywood silt loam,6.5,0.8,5.9,39.5,54.6,1.39,22.3,31.2,>200,441.5962299
1982,206,51148.80078,0,425.6000061,0,31,18.5,2120,Faywood silt loam,6.5,0.8,5.9,39.5,54.6,1.39,22.3,31.2,>200,471.9198378
1982,207,50803.19922,0,422.3999939,0,32,19.5,2280,Faywood silt loam,6.5,0.8,5.9,39.5,54.6,1.39,22.3,31.2,>200,497.426924
1982,208,50803.19922,0,384,0,32,21,2480,Faywood silt loam,6.5,0.8,5.9,39.5,54.6,1.39,22.3,31.2,>200,497.5868745
1982,209,50803.19922,9,268.7999878,0,31,21,2480,Faywood silt loam,6.5,0.8,5.9,39.5,54.6,1.39,22.3,31.2,>200,511.290778
1982,210,50457.60156,13,300.7999878,0,28,17,1920,Faywood silt loam,6.5,0.8,5.9,39.5,54.6,1.39,22.3,31.2,>200,520.8696185
1982,211,50457.60156,0,416,0,28,16.5,1880,Faywood silt loam,6.5,0.8,5.9,39.5,54.6,1.39,22.3,31.2,>200,530.2119441
1982,212,50457.60156,0,374.3999939,0,28,18,2080,Faywood silt loam,6.5,0.8,5.9,39.5,54.6,1.39,22.3,31.2,>200,547.5652464
1982,213,50112,0,451.2000122,0,28.5,15.5,1760,Faywood silt loam,6.5,0.8,5.9,39.5,54.6,1.39,22.3,31.2,>200,562.3622089
1982,214,50112,0,460.7999878,0,29,15.5,1760,Faywood silt loam,6.5,0.8,5.9,39.5,54.6,1.39,22.3,31.2,>200,577.2035212
1982,215,50112,0,451.2000122,0,30.5,17,1920,Faywood silt loam,6.5,0.8,5.9,39.5,54.6,1.39,22.3,31.2,>200,595.9405006
1982,216,49766.39844,0,448,0,33,19,2200,Faywood silt loam,6.5,0.8,5.9,39.5,54.6,1.39,22.3,31.2,>200,614.9886233
1982,217,49766.39844,40,297.6000061,0,32,20.5,2400,Faywood silt loam,6.5,0.8,5.9,39.5,54.6,1.39,22.3,31.2,>200,633.9617477
1982,218,49766.39844,12,268.7999878,0,31,21,2480,Faywood silt loam,6.5,0.8,5.9,39.5,54.6,1.39,22.3,31.2,>200,651.4576035
1982,219,49420.80078,0,371.2000122,0,31,20.5,2400,Faywood silt loam,6.5,0.8,5.9,39.5,54.6,1.39,22.3,31.2,>200,666.9298549
1982,220,49420.80078,3,259.2000122,0,30.5,21,2480,Faywood silt loam,6.5,0.8,5.9,39.5,54.6,1.39,22.3,31.2,>200,683.8244398
1982,221,49420.80078,12,252.8000031,0,29,20,2320,Faywood silt loam,6.5,0.8,5.9,39.5,54.6,1.39,22.3,31.2,>200,0
1982,222,49075.19922,0,467.2000122,0,28.5,14.5,1640,Faywood silt loam,6.5,0.8,5.9,39.5,54.6,1.39,22.3,31.2,>200,0
1982,223,49075.19922,0,393.6000061,0,26,15.5,1760,Faywood silt loam,6.5,0.8,5.9,39.5,54.6,1.39,22.3,31.2,>200,0
1982,224,49075.19922,0,393.6000061,0,22,12,1400,Faywood silt loam,6.5,0.8,5.9,39.5,54.6,1.39,22.3,31.2,>200,0
1982,225,48729.60156,0,489.6000061,0,25,10.5,1280,Faywood silt loam,6.5,0.8,5.9,39.5,54.6,1.39,22.3,31.2,>200,0
1982,226,48729.60156,0,499.2000122,0,26.5,11,1320,Faywood silt loam,6.5,0.8,5.9,39.5,54.6,1.39,22.3,31.2,>200,0
1982,227,48384,0,499.2000122,0,29,12.5,1440,Faywood silt loam,6.5,0.8,5.9,39.5,54.6,1.39,22.3,31.2,>200,0
1982,228,48384,0,464,0,29.5,15,1720,Faywood silt loam,6.5,0.8,5.9,39.5,54.6,1.39,22.3,31.2,>200,0
1982,229,48384,0,412.7999878,0,28.5,16.5,1880,Faywood silt loam,6.5,0.8,5.9,39.5,54.6,1.39,22.3,31.2,>200,0
1982,230,48038.39844,0,451.2000122,0,29.5,15.5,1760,Faywood silt loam,6.5,0.8,5.9,39.5,54.6,1.39,22.3,31.2,>200,0
1982,231,48038.39844,0,483.2000122,0,27.5,12,1400,Faywood silt loam,6.5,0.8,5.9,39.5,54.6,1.39,22.3,31.2,>200,0
1982,232,47692.80078,0,480,0,29.5,13.5,1560,Faywood silt loam,6.5,0.8,5.9,39.5,54.6,1.39,22.3,31.2,>200,0
1982,233,47692.80078,0,470.3999939,0,29.5,14,1600,Faywood silt loam,6.5,0.8,5.9,39.5,54.6,1.39,22.3,31.2,>200,0
1982,234,47692.80078,0,486.3999939,0,26,10,1240,Faywood silt loam,6.5,0.8,5.9,39.5,54.6,1.39,22.3,31.2,>200,0
1982,235,47347.19922,0,435.2000122,0,27,13.5,1560,Faywood silt loam,6.5,0.8,5.9,39.5,54.6,1.39,22.3,31.2,>200,0
1982,236,47347.19922,2,358.3999939,0,27.5,17,1920,Faywood silt loam,6.5,0.8,5.9,39.5,54.6,1.39,22.3,31.2,>200,0
1982,237,47001.60156,0,368,0,28.5,17.5,2000,Faywood silt loam,6.5,0.8,5.9,39.5,54.6,1.39,22.3,31.2,>200,0
1982,238,47001.60156,0,457.6000061,0,27,12,1400,Faywood silt loam,6.5,0.8,5.9,39.5,54.6,1.39,22.3,31.2,>200,0
1982,239,47001.60156,23,294.3999939,0,27,15,1720,Faywood silt loam,6.5,0.8,5.9,39.5,54.6,1.39,22.3,31.2,>200,0
1982,240,46656,19,236.8000031,0,25,16,1800,Faywood silt loam,6.5,0.8,5.9,39.5,54.6,1.39,22.3,31.2,>200,0
1982,241,46656,0,441.6000061,0,24.5,10.5,1280,Faywood silt loam,6.5,0.8,5.9,39.5,54.6,1.39,22.3,31.2,>200,0
1982,242,46310.39844,0,384,0,25,13.5,1560,Faywood silt loam,6.5,0.8,5.9,39.5,54.6,1.39,22.3,31.2,>200,0
1982,243,46310.39844,33,198.3999939,0,25.5,18,2080,Faywood silt loam,6.5,0.8,5.9,39.5,54.6,1.39,22.3,31.2,>200,0
1982,244,46310.39844,18,185.6000061,0,27,20,2320,Faywood silt loam,6.5,0.8,5.9,39.5,54.6,1.39,22.3,31.2,>200,0
1982,245,45964.80078,2,252.8000031,0,26,19,2200,Faywood silt loam,6.5,0.8,5.9,39.5,54.6,1.39,22.3,31.2,>200,0
1982,246,45964.80078,10,313.6000061,0,26.5,13.5,1560,Faywood silt loam,6.5,0.8,5.9,39.5,54.6,1.39,22.3,31.2,>200,0
1982,247,45619.19922,0,451.2000122,0,24,9.5,1200,Faywood silt loam,6.5,0.8,5.9,39.5,54.6,1.39,22.3,31.2,>200,0
1982,248,45619.19922,0,454.3999939,0,24.5,9.5,1200,Faywood silt loam,6.5,0.8,5.9,39.5,54.6,1.39,22.3,31.2,>200,0
1982,249,45273.60156,0,464,0,26.5,10,1240,Faywood silt loam,6.5,0.8,5.9,39.5,54.6,1.39,22.3,31.2,>200,0
1982,250,45273.60156,0,428.7999878,0,26.5,12,1400,Faywood silt loam,6.5,0.8,5.9,39.5,54.6,1.39,22.3,31.2,>200,0
1982,251,44928,0,377.6000061,0,26,14,1600,Faywood silt loam,6.5,0.8,5.9,39.5,54.6,1.39,22.3,31.2,>200,0
1982,252,44928,0,364.7999878,0,26,14.5,1640,Faywood silt loam,6.5,0.8,5.9,39.5,54.6,1.39,22.3,31.2,>200,0
1982,253,44928,0,377.6000061,0,27.5,15,1720,Faywood silt loam,6.5,0.8,5.9,39.5,54.6,1.39,22.3,31.2,>200,0
1982,254,44582.39844,0,380.7999878,0,29,16,1800,Faywood silt loam,6.5,0.8,5.9,39.5,54.6,1.39,22.3,31.2,>200,0
1982,255,44582.39844,0,345.6000061,0,29,17.5,2000,Faywood silt loam,6.5,0.8,5.9,39.5,54.6,1.39,22.3,31.2,>200,0
1982,256,44236.80078,0,313.6000061,0,28,18,2080,Faywood silt loam,6.5,0.8,5.9,39.5,54.6,1.39,22.3,31.2,>200,0
1982,257,44236.80078,0,262.3999939,0,27.5,19.5,2280,Faywood silt loam,6.5,0.8,5.9,39.5,54.6,1.39,22.3,31.2,>200,0
1982,258,43891.19922,0,336,0,29.5,18.5,2120,Faywood silt loam,6.5,0.8,5.9,39.5,54.6,1.39,22.3,31.2,>200,0
1982,259,43891.19922,0,342.3999939,0,28,17,1920,Faywood silt loam,6.5,0.8,5.9,39.5,54.6,1.39,22.3,31.2,>200,0
1982,260,43891.19922,0,412.7999878,0,24.5,10.5,1280,Faywood silt loam,6.5,0.8,5.9,39.5,54.6,1.39,22.3,31.2,>200,0
1982,261,43545.60156,0,371.2000122,0,25,13,1480,Faywood silt loam,6.5,0.8,5.9,39.5,54.6,1.39,22.3,31.2,>200,0
1982,262,43545.60156,5,323.2000122,0,22.5,7.5,1040,Faywood silt loam,6.5,0.8,5.9,39.5,54.6,1.39,22.3,31.2,>200,0
1982,263,43200,0,428.7999878,0,23,8,1080,Faywood silt loam,6.5,0.8,5.9,39.5,54.6,1.39,22.3,31.2,>200,0
1982,264,43200,0,400,0,21.5,8.5,1120,Faywood silt loam,6.5,0.8,5.9,39.5,54.6,1.39,22.3,31.2,>200,0
1982,265,42854.39844,0,377.6000061,0,17,5.5,920,Faywood silt loam,6.5,0.8,5.9,39.5,54.6,1.39,22.3,31.2,>200,0
1982,266,42854.39844,7,313.6000061,0,17.5,3.5,800,Faywood silt loam,6.5,0.8,5.9,39.5,54.6,1.39,22.3,31.2,>200,0
1982,267,42508.80078,0,416,0,20,5.5,920,Faywood silt loam,6.5,0.8,5.9,39.5,54.6,1.39,22.3,31.2,>200,0
1982,268,42508.80078,3,236.8000031,0,19,9.5,1200,Faywood silt loam,6.5,0.8,5.9,39.5,54.6,1.39,22.3,31.2,>200,0
1982,269,42508.80078,6,204.8000031,0,19.5,11.5,1360,Faywood silt loam,6.5,0.8,5.9,39.5,54.6,1.39,22.3,31.2,>200,0
1982,270,42163.19922,7,214.3999939,0,19.5,11,1320,Faywood silt loam,6.5,0.8,5.9,39.5,54.6,1.39,22.3,31.2,>200,0
1982,271,42163.19922,0,374.3999939,0,21.5,9,1160,Faywood silt loam,6.5,0.8,5.9,39.5,54.6,1.39,22.3,31.2,>200,0
1982,272,41817.60156,0,406.3999939,0,24,9,1160,Faywood silt loam,6.5,0.8,5.9,39.5,54.6,1.39,22.3,31.2,>200,0
1982,273,41817.60156,0,409.6000061,0,25,9,1160,Faywood silt loam,6.5,0.8,5.9,39.5,54.6,1.39,22.3,31.2,>200,0
1982,274,41472,0,400,0,26,10,1240,Faywood silt loam,6.5,0.8,5.9,39.5,54.6,1.39,22.3,31.2,>200,0
1982,275,41472,0,393.6000061,0,27.5,11,1320,Faywood silt loam,6.5,0.8,5.9,39.5,54.6,1.39,22.3,31.2,>200,0
1982,276,41472,0,371.2000122,0,28,13,1480,Faywood silt loam,6.5,0.8,5.9,39.5,54.6,1.39,22.3,31.2,>200,0
1982,277,41126.39844,0,345.6000061,0,27,13.5,1560,Faywood silt loam,6.5,0.8,5.9,39.5,54.6,1.39,22.3,31.2,>200,0
1982,278,41126.39844,0,342.3999939,0,27.5,14,1600,Faywood silt loam,6.5,0.8,5.9,39.5,54.6,1.39,22.3,31.2,>200,0
1982,279,40780.80078,0,345.6000061,0,28.5,14.5,1640,Faywood silt loam,6.5,0.8,5.9,39.5,54.6,1.39,22.3,31.2,>200,0
1982,280,40780.80078,0,310.3999939,0,28.5,16.5,1880,Faywood silt loam,6.5,0.8,5.9,39.5,54.6,1.39,22.3,31.2,>200,0
1982,281,40435.19922,4,198.3999939,0,26,16.5,1880,Faywood silt loam,6.5,0.8,5.9,39.5,54.6,1.39,22.3,31.2,>200,0
1982,282,40435.19922,9,150.3999939,0,25,18,2080,Faywood silt loam,6.5,0.8,5.9,39.5,54.6,1.39,22.3,31.2,>200,0
1982,283,40089.60156,17,153.6000061,0,24.5,17.5,2000,Faywood silt loam,6.5,0.8,5.9,39.5,54.6,1.39,22.3,31.2,>200,0
1982,284,40089.60156,0,374.3999939,0,25.5,9.5,1200,Faywood silt loam,6.5,0.8,5.9,39.5,54.6,1.39,22.3,31.2,>200,0
1982,285,40089.60156,0,368,0,21.5,6.5,960,Faywood silt loam,6.5,0.8,5.9,39.5,54.6,1.39,22.3,31.2,>200,0
1982,286,39744,3,179.1999969,0,16.5,8.5,1120,Faywood silt loam,6.5,0.8,5.9,39.5,54.6,1.39,22.3,31.2,>200,0
1982,287,39744,0,294.3999939,0,17.5,7,1000,Faywood silt loam,6.5,0.8,5.9,39.5,54.6,1.39,22.3,31.2,>200,0
1982,288,39398.39844,0,320,0,18,6,920,Faywood silt loam,6.5,0.8,5.9,39.5,54.6,1.39,22.3,31.2,>200,0
1982,289,39398.39844,0,377.6000061,0,20.5,3.5,800,Faywood silt loam,6.5,0.8,5.9,39.5,54.6,1.39,22.3,31.2,>200,0
1982,290,39398.39844,0,355.2000122,0,14,-0.5,600,Faywood silt loam,6.5,0.8,5.9,39.5,54.6,1.39,22.3,31.2,>200,0
1982,291,39052.80078,0,364.7999878,0,16.5,0.5,640,Faywood silt loam,6.5,0.8,5.9,39.5,54.6,1.39,22.3,31.2,>200,0
1982,292,39052.80078,0,361.6000061,0,21.5,4.5,840,Faywood silt loam,6.5,0.8,5.9,39.5,54.6,1.39,22.3,31.2,>200,0
1982,293,38707.19922,0,332.7999878,0,21,6.5,960,Faywood silt loam,6.5,0.8,5.9,39.5,54.6,1.39,22.3,31.2,>200,0
1982,294,38707.19922,6,214.3999939,0,15.5,4.5,840,Faywood silt loam,6.5,0.8,5.9,39.5,54.6,1.39,22.3,31.2,>200,0
1982,295,38707.19922,0,326.3999939,0,11.5,-2,520,Faywood silt loam,6.5,0.8,5.9,39.5,54.6,1.39,22.3,31.2,>200,0
1982,296,38361.60156,0,342.3999939,0,12,-3,480,Faywood silt loam,6.5,0.8,5.9,39.5,54.6,1.39,22.3,31.2,>200,0
1982,297,38361.60156,0,345.6000061,0,13,-2.5,520,Faywood silt loam,6.5,0.8,5.9,39.5,54.6,1.39,22.3,31.2,>200,0
1982,298,38016,0,320,0,14,0,600,Faywood silt loam,6.5,0.8,5.9,39.5,54.6,1.39,22.3,31.2,>200,0
1982,299,38016,0,358.3999939,0,16,-2.5,520,Faywood silt loam,6.5,0.8,5.9,39.5,54.6,1.39,22.3,31.2,>200,0
1982,300,38016,0,355.2000122,0,18.5,-1,560,Faywood silt loam,6.5,0.8,5.9,39.5,54.6,1.39,22.3,31.2,>200,0
1982,301,37670.39844,0,352,0,22,1.5,680,Faywood silt loam,6.5,0.8,5.9,39.5,54.6,1.39,22.3,31.2,>200,0
1982,302,37670.39844,0,332.7999878,0,22,3.5,800,Faywood silt loam,6.5,0.8,5.9,39.5,54.6,1.39,22.3,31.2,>200,0
1982,303,37324.80078,4,198.3999939,0,20.5,8,1080,Faywood silt loam,6.5,0.8,5.9,39.5,54.6,1.39,22.3,31.2,>200,0
1982,304,37324.80078,3,182.3999939,0,22,10.5,1280,Faywood silt loam,6.5,0.8,5.9,39.5,54.6,1.39,22.3,31.2,>200,0
1982,305,37324.80078,0,252.8000031,0,26,13.5,1560,Faywood silt loam,6.5,0.8,5.9,39.5,54.6,1.39,22.3,31.2,>200,0
1982,306,36979.19922,0,268.7999878,0,26.5,12.5,1440,Faywood silt loam,6.5,0.8,5.9,39.5,54.6,1.39,22.3,31.2,>200,0
1982,307,36979.19922,16,198.3999939,0,25,11.5,1360,Faywood silt loam,6.5,0.8,5.9,39.5,54.6,1.39,22.3,31.2,>200,0
1982,308,36979.19922,16,204.8000031,0,14,1,640,Faywood silt loam,6.5,0.8,5.9,39.5,54.6,1.39,22.3,31.2,>200,0
1982,309,36633.60156,0,220.8000031,0,6,-3.5,480,Faywood silt loam,6.5,0.8,5.9,39.5,54.6,1.39,22.3,31.2,>200,0
1982,310,36633.60156,0,211.1999969,0,5,-4,440,Faywood silt loam,6.5,0.8,5.9,39.5,54.6,1.39,22.3,31.2,>200,0
1982,311,36633.60156,0,304,0,12.5,-3.5,480,Faywood silt loam,6.5,0.8,5.9,39.5,54.6,1.39,22.3,31.2,>200,0
1982,312,36288,0,316.7999878,0,17.5,-1.5,560,Faywood silt loam,6.5,0.8,5.9,39.5,54.6,1.39,22.3,31.2,>200,0
1982,313,36288,0,291.2000122,0,19.5,2.5,720,Faywood silt loam,6.5,0.8,5.9,39.5,54.6,1.39,22.3,31.2,>200,0
1982,314,36288,0,294.3999939,0,21,3,760,Faywood silt loam,6.5,0.8,5.9,39.5,54.6,1.39,22.3,31.2,>200,0
1982,315,35942.39844,0,246.3999939,0,21.5,8,1080,Faywood silt loam,6.5,0.8,5.9,39.5,54.6,1.39,22.3,31.2,>200,0
1982,316,35942.39844,0,195.1999969,0,19.5,9.5,1200,Faywood silt loam,6.5,0.8,5.9,39.5,54.6,1.39,22.3,31.2,>200,0
1982,317,35942.39844,15,220.8000031,0,15,-3,480,Faywood silt loam,6.5,0.8,5.9,39.5,54.6,1.39,22.3,31.2,>200,0
1982,318,35596.80078,0,185.6000061,0,4.5,-4.5,440,Faywood silt loam,6.5,0.8,5.9,39.5,54.6,1.39,22.3,31.2,>200,0
1982,319,35596.80078,0,201.6000061,0,6.5,-3.5,480,Faywood silt loam,6.5,0.8,5.9,39.5,54.6,1.39,22.3,31.2,>200,0
1982,320,35596.80078,0,256,0,8,-6,400,Faywood silt loam,6.5,0.8,5.9,39.5,54.6,1.39,22.3,31.2,>200,0
1982,321,35251.19922,0,233.6000061,0,11.5,-1,560,Faywood silt loam,6.5,0.8,5.9,39.5,54.6,1.39,22.3,31.2,>200,0
1982,322,35251.19922,2,124.8000031,0,11.5,5.5,920,Faywood silt loam,6.5,0.8,5.9,39.5,54.6,1.39,22.3,31.2,>200,0
1982,323,35251.19922,2,144,0,15.5,8.5,1120,Faywood silt loam,6.5,0.8,5.9,39.5,54.6,1.39,22.3,31.2,>200,0
1982,324,35251.19922,9,99.19999695,0,17.5,11,1320,Faywood silt loam,6.5,0.8,5.9,39.5,54.6,1.39,22.3,31.2,>200,0
1982,325,34905.60156,12,70.40000153,0,17.5,13,1480,Faywood silt loam,6.5,0.8,5.9,39.5,54.6,1.39,22.3,31.2,>200,0
1982,326,34905.60156,5,86.40000153,0,18,12.5,1440,Faywood silt loam,6.5,0.8,5.9,39.5,54.6,1.39,22.3,31.2,>200,0
1982,327,34905.60156,4,108.8000031,0,18,11,1320,Faywood silt loam,6.5,0.8,5.9,39.5,54.6,1.39,22.3,31.2,>200,0
1982,328,34905.60156,5,204.8000031,0,17,0.5,640,Faywood silt loam,6.5,0.8,5.9,39.5,54.6,1.39,22.3,31.2,>200,0
1982,329,34560,0,243.1999969,0,5,-7.5,360,Faywood silt loam,6.5,0.8,5.9,39.5,54.6,1.39,22.3,31.2,>200,0
1982,330,34560,0,230.3999939,0,7.5,-4,440,Faywood silt loam,6.5,0.8,5.9,39.5,54.6,1.39,22.3,31.2,>200,0
1982,331,34560,14,147.1999969,0,9,0,600,Faywood silt loam,6.5,0.8,5.9,39.5,54.6,1.39,22.3,31.2,>200,0
1982,332,34560,16,153.6000061,0,11,1.5,680,Faywood silt loam,6.5,0.8,5.9,39.5,54.6,1.39,22.3,31.2,>200,0
1982,333,34560,0,227.1999969,0,16.5,5,880,Faywood silt loam,6.5,0.8,5.9,39.5,54.6,1.39,22.3,31.2,>200,0
1982,334,34214.39844,0,198.3999939,0,14.5,5,880,Faywood silt loam,6.5,0.8,5.9,39.5,54.6,1.39,22.3,31.2,>200,0
1982,335,34214.39844,17,156.8000031,0,19,8.5,1120,Faywood silt loam,6.5,0.8,5.9,39.5,54.6,1.39,22.3,31.2,>200,0
1982,336,34214.39844,14,131.1999969,0,21.5,13,1480,Faywood silt loam,6.5,0.8,5.9,39.5,54.6,1.39,22.3,31.2,>200,0
1982,337,34214.39844,0,217.6000061,0,25,13,1480,Faywood silt loam,6.5,0.8,5.9,39.5,54.6,1.39,22.3,31.2,>200,0
1982,338,34214.39844,0,211.1999969,0,24.5,13,1480,Faywood silt loam,6.5,0.8,5.9,39.5,54.6,1.39,22.3,31.2,>200,0
1982,339,33868.80078,4,140.8000031,0,22,12.5,1440,Faywood silt loam,6.5,0.8,5.9,39.5,54.6,1.39,22.3,31.2,>200,0
1982,340,33868.80078,0,208,0,17,6.5,960,Faywood silt loam,6.5,0.8,5.9,39.5,54.6,1.39,22.3,31.2,>200,0
1982,341,33868.80078,0,246.3999939,0,10.5,-2.5,520,Faywood silt loam,6.5,0.8,5.9,39.5,54.6,1.39,22.3,31.2,>200,0
1982,342,33868.80078,0,259.2000122,0,13,-2,520,Faywood silt loam,6.5,0.8,5.9,39.5,54.6,1.39,22.3,31.2,>200,0
1982,343,33868.80078,0,275.2000122,0,13.5,-4.5,440,Faywood silt loam,6.5,0.8,5.9,39.5,54.6,1.39,22.3,31.2,>200,0
1982,344,33868.80078,0,220.8000031,0,4.5,-6,400,Faywood silt loam,6.5,0.8,5.9,39.5,54.6,1.39,22.3,31.2,>200,0
1982,345,33868.80078,2,176,0,5,-2.5,520,Faywood silt loam,6.5,0.8,5.9,39.5,54.6,1.39,22.3,31.2,>200,0
1982,346,33868.80078,0,211.1999969,0,2,-7.5,360,Faywood silt loam,6.5,0.8,5.9,39.5,54.6,1.39,22.3,31.2,>200,0
1982,347,33868.80078,0,249.6000061,0,1.5,-11,280,Faywood silt loam,6.5,0.8,5.9,39.5,54.6,1.39,22.3,31.2,>200,0
1982,348,33868.80078,0,249.6000061,0,5.5,-7.5,360,Faywood silt loam,6.5,0.8,5.9,39.5,54.6,1.39,22.3,31.2,>200,0
1982,349,33523.19922,19,163.1999969,0,11,0.5,640,Faywood silt loam,6.5,0.8,5.9,39.5,54.6,1.39,22.3,31.2,>200,0
1982,350,33523.19922,44,160,0,10,0,600,Faywood silt loam,6.5,0.8,5.9,39.5,54.6,1.39,22.3,31.2,>200,0
1982,351,33523.19922,0,89.59999847,0,2,-1.5,560,Faywood silt loam,6.5,0.8,5.9,39.5,54.6,1.39,22.3,31.2,>200,0
1982,352,33523.19922,0,217.6000061,0,4.5,-5.5,400,Faywood silt loam,6.5,0.8,5.9,39.5,54.6,1.39,22.3,31.2,>200,0
1982,353,33523.19922,3,156.8000031,0,8,-1.5,560,Faywood silt loam,6.5,0.8,5.9,39.5,54.6,1.39,22.3,31.2,>200,0
1982,354,33523.19922,6,144,0,8,-0.5,600,Faywood silt loam,6.5,0.8,5.9,39.5,54.6,1.39,22.3,31.2,>200,0
1982,355,33523.19922,0,144,0,4.5,-1.5,560,Faywood silt loam,6.5,0.8,5.9,39.5,54.6,1.39,22.3,31.2,>200,0
1982,356,33523.19922,0,236.8000031,0,6.5,-5.5,400,Faywood silt loam,6.5,0.8,5.9,39.5,54.6,1.39,22.3,31.2,>200,0
1982,357,33523.19922,0,240,0,13,0,600,Faywood silt loam,6.5,0.8,5.9,39.5,54.6,1.39,22.3,31.2,>200,0
1982,358,33523.19922,4,150.3999939,0,17,7,1000,Faywood silt loam,6.5,0.8,5.9,39.5,54.6,1.39,22.3,31.2,>200,0
1982,359,33523.19922,7,156.8000031,0,21,10,1240,Faywood silt loam,6.5,0.8,5.9,39.5,54.6,1.39,22.3,31.2,>200,0
1982,360,33523.19922,11,166.3999939,0,21,9,1160,Faywood silt loam,6.5,0.8,5.9,39.5,54.6,1.39,22.3,31.2,>200,0
1982,361,33523.19922,3,115.1999969,0,15.5,8.5,1120,Faywood silt loam,6.5,0.8,5.9,39.5,54.6,1.39,22.3,31.2,>200,0
1982,362,33868.80078,3,140.8000031,0,19,10,1240,Faywood silt loam,6.5,0.8,5.9,39.5,54.6,1.39,22.3,31.2,>200,0
1982,363,33868.80078,0,262.3999939,0,15.5,-0.5,600,Faywood silt loam,6.5,0.8,5.9,39.5,54.6,1.39,22.3,31.2,>200,0
1982,364,33868.80078,0,185.6000061,0,2,-6,400,Faywood silt loam,6.5,0.8,5.9,39.5,54.6,1.39,22.3,31.2,>200,0
1982,365,33868.80078,0,217.6000061,0,4.5,-5.5,400,Faywood silt loam,6.5,0.8,5.9,39.5,54.6,1.39,22.3,31.2,>200,0
