year,yday,dayl (s),prcp (mm/day),srad (W/m^2),swe (kg/m^2),tmax (deg c),tmin (deg c),vp (Pa),Soil type,Soil pH,Soil Organic matter %,Sand Content %,Clay Content %,Silt Content %, soil bulk density (grams per cubic centimeter), wilting point %,field capacity %,saturation point (cm),Yield (27.6gN/m2),Yield (11.6gN/m2),Yield (40.1gN/m2)
1982,1,32486.40039,4,185.6000061,24,-7.5,-22,120,Ely silty clay loam,6.6,2.25,5,28.3,66.7,1.33,17.7,31.5,122,0,0,0
1982,2,32486.40039,9,176,32,-1,-14,200,Ely silty clay loam,6.6,2.25,5,28.3,66.7,1.33,17.7,31.5,122,0,0,0
1982,3,32486.40039,10,169.6000061,40,-2,-14,200,Ely silty clay loam,6.6,2.25,5,28.3,66.7,1.33,17.7,31.5,122,0,0,0
1982,4,32486.40039,9,124.8000031,52,-7,-14.5,200,Ely silty clay loam,6.6,2.25,5,28.3,66.7,1.33,17.7,31.5,122,0,0,0
1982,5,32486.40039,0,252.8000031,52,-2,-16.5,160,Ely silty clay loam,6.6,2.25,5,28.3,66.7,1.33,17.7,31.5,122,0,0,0
1982,6,32486.40039,1,217.6000061,52,-6.5,-17,160,Ely silty clay loam,6.6,2.25,5,28.3,66.7,1.33,17.7,31.5,122,0,0,0
1982,7,32832,0,227.1999969,52,-16,-27,80,Ely silty clay loam,6.6,2.25,5,28.3,66.7,1.33,17.7,31.5,122,0,0,0
1982,8,32832,0,262.3999939,52,-9,-23.5,80,Ely silty clay loam,6.6,2.25,5,28.3,66.7,1.33,17.7,31.5,122,0,0,0
1982,9,32832,0,268.7999878,52,-11.5,-27,80,Ely silty clay loam,6.6,2.25,5,28.3,66.7,1.33,17.7,31.5,122,0,0,0
1982,10,32832,0,224,52,-21,-31.5,40,Ely silty clay loam,6.6,2.25,5,28.3,66.7,1.33,17.7,31.5,122,0,0,0
1982,11,32832,0,192,52,-15.5,-24,80,Ely silty clay loam,6.6,2.25,5,28.3,66.7,1.33,17.7,31.5,122,0,0,0
1982,12,33177.60156,0,144,52,-12.5,-18.5,160,Ely silty clay loam,6.6,2.25,5,28.3,66.7,1.33,17.7,31.5,122,0,0,0
1982,13,33177.60156,2,195.1999969,52,-11,-19.5,120,Ely silty clay loam,6.6,2.25,5,28.3,66.7,1.33,17.7,31.5,122,0,0,0
1982,14,33177.60156,0,265.6000061,52,-14.5,-28,80,Ely silty clay loam,6.6,2.25,5,28.3,66.7,1.33,17.7,31.5,122,0,0,0
1982,15,33177.60156,2,281.6000061,56,-10.5,-26,80,Ely silty clay loam,6.6,2.25,5,28.3,66.7,1.33,17.7,31.5,122,0,0,0
1982,16,33523.19922,0,281.6000061,56,-13,-28,80,Ely silty clay loam,6.6,2.25,5,28.3,66.7,1.33,17.7,31.5,122,0,0,0
1982,17,33523.19922,1,284.7999878,56,-13.5,-28.5,40,Ely silty clay loam,6.6,2.25,5,28.3,66.7,1.33,17.7,31.5,122,0,0,0
1982,18,33523.19922,0,249.6000061,56,-4,-15.5,200,Ely silty clay loam,6.6,2.25,5,28.3,66.7,1.33,17.7,31.5,122,0,0,0
1982,19,33868.80078,0,230.3999939,56,-2,-12,240,Ely silty clay loam,6.6,2.25,5,28.3,66.7,1.33,17.7,31.5,122,0,0,0
1982,20,33868.80078,0,140.8000031,56,-3.5,-9,320,Ely silty clay loam,6.6,2.25,5,28.3,66.7,1.33,17.7,31.5,122,0,0,0
1982,21,33868.80078,0,105.5999985,56,-4,-8,320,Ely silty clay loam,6.6,2.25,5,28.3,66.7,1.33,17.7,31.5,122,0,0,0
1982,22,33868.80078,4,115.1999969,60,-2.5,-8.5,320,Ely silty clay loam,6.6,2.25,5,28.3,66.7,1.33,17.7,31.5,122,0,0,0
1982,23,34214.39844,2,320,64,1,-18,160,Ely silty clay loam,6.6,2.25,5,28.3,66.7,1.33,17.7,31.5,122,0,0,0
1982,24,34214.39844,0,217.6000061,64,-15.5,-24,80,Ely silty clay loam,6.6,2.25,5,28.3,66.7,1.33,17.7,31.5,122,0,0,0
1982,25,34214.39844,3,121.5999985,64,-16,-22,120,Ely silty clay loam,6.6,2.25,5,28.3,66.7,1.33,17.7,31.5,122,0,0,0
1982,26,34560,0,307.2000122,64,-13,-27.5,80,Ely silty clay loam,6.6,2.25,5,28.3,66.7,1.33,17.7,31.5,122,0,0,0
1982,27,34560,0,326.3999939,64,2,-15.5,200,Ely silty clay loam,6.6,2.25,5,28.3,66.7,1.33,17.7,31.5,122,0,0,0
1982,28,34905.60156,0,310.3999939,64,2,-13,240,Ely silty clay loam,6.6,2.25,5,28.3,66.7,1.33,17.7,31.5,122,0,0,0
1982,29,34905.60156,3,198.3999939,68,-2,-12.5,240,Ely silty clay loam,6.6,2.25,5,28.3,66.7,1.33,17.7,31.5,122,0,0,0
1982,30,34905.60156,2,204.8000031,72,-1.5,-9,320,Ely silty clay loam,6.6,2.25,5,28.3,66.7,1.33,17.7,31.5,122,0,0,0
1982,31,35251.19922,0,265.6000061,72,-7.5,-17.5,160,Ely silty clay loam,6.6,2.25,5,28.3,66.7,1.33,17.7,31.5,122,0,0,0
1982,32,35251.19922,0,348.7999878,72,-8,-26,80,Ely silty clay loam,6.6,2.25,5,28.3,66.7,1.33,17.7,31.5,122,0,0,0
1982,33,35251.19922,0,268.7999878,72,-5,-15,200,Ely silty clay loam,6.6,2.25,5,28.3,66.7,1.33,17.7,31.5,122,0,0,0
1982,34,35596.80078,0,329.6000061,72,-6.5,-21,120,Ely silty clay loam,6.6,2.25,5,28.3,66.7,1.33,17.7,31.5,122,0,0,0
1982,35,35596.80078,0,307.2000122,72,-15.5,-27.5,80,Ely silty clay loam,6.6,2.25,5,28.3,66.7,1.33,17.7,31.5,122,0,0,0
1982,36,35942.39844,3,192,72,-14.5,-23.5,80,Ely silty clay loam,6.6,2.25,5,28.3,66.7,1.33,17.7,31.5,122,0,0,0
1982,37,35942.39844,0,352,72,-13,-28.5,40,Ely silty clay loam,6.6,2.25,5,28.3,66.7,1.33,17.7,31.5,122,0,0,0
1982,38,35942.39844,0,320,72,-5,-17.5,160,Ely silty clay loam,6.6,2.25,5,28.3,66.7,1.33,17.7,31.5,122,0,0,0
1982,39,36288,0,320,72,-6.5,-18.5,160,Ely silty clay loam,6.6,2.25,5,28.3,66.7,1.33,17.7,31.5,122,0,0,0
1982,40,36288,0,336,72,-11,-24,80,Ely silty clay loam,6.6,2.25,5,28.3,66.7,1.33,17.7,31.5,122,0,0,0
1982,41,36633.60156,0,364.7999878,72,-11.5,-27,80,Ely silty clay loam,6.6,2.25,5,28.3,66.7,1.33,17.7,31.5,122,0,0,0
1982,42,36633.60156,0,355.2000122,72,-6,-20.5,120,Ely silty clay loam,6.6,2.25,5,28.3,66.7,1.33,17.7,31.5,122,0,0,0
1982,43,36979.19922,0,284.7999878,72,-3.5,-13.5,200,Ely silty clay loam,6.6,2.25,5,28.3,66.7,1.33,17.7,31.5,122,0,0,0
1982,44,36979.19922,0,307.2000122,72,-0.5,-11.5,240,Ely silty clay loam,6.6,2.25,5,28.3,66.7,1.33,17.7,31.5,122,0,0,0
1982,45,36979.19922,0,342.3999939,72,3.5,-9.5,280,Ely silty clay loam,6.6,2.25,5,28.3,66.7,1.33,17.7,31.5,122,0,0,0
1982,46,37324.80078,0,246.3999939,72,5.5,-2.5,520,Ely silty clay loam,6.6,2.25,5,28.3,66.7,1.33,17.7,31.5,122,0,0,0
1982,47,37324.80078,4,115.1999969,72,4,-0.5,600,Ely silty clay loam,6.6,2.25,5,28.3,66.7,1.33,17.7,31.5,122,0,0,0
1982,48,37670.39844,6,60.79999924,68,1,-1,560,Ely silty clay loam,6.6,2.25,5,28.3,66.7,1.33,17.7,31.5,122,0,0,0
1982,49,37670.39844,4,86.40000153,68,2,-1,560,Ely silty clay loam,6.6,2.25,5,28.3,66.7,1.33,17.7,31.5,122,0,0,0
1982,50,38016,0,147.1999969,64,2.5,-1.5,560,Ely silty clay loam,6.6,2.25,5,28.3,66.7,1.33,17.7,31.5,122,0,0,0
1982,51,38016,0,243.1999969,60,7,0,600,Ely silty clay loam,6.6,2.25,5,28.3,66.7,1.33,17.7,31.5,122,0,0,0
1982,52,38361.60156,0,275.2000122,60,6,-2,520,Ely silty clay loam,6.6,2.25,5,28.3,66.7,1.33,17.7,31.5,122,0,0,0
1982,53,38361.60156,0,377.6000061,60,10.5,-2.5,520,Ely silty clay loam,6.6,2.25,5,28.3,66.7,1.33,17.7,31.5,122,0,0,0
1982,54,38707.19922,0,329.6000061,56,9,-1,560,Ely silty clay loam,6.6,2.25,5,28.3,66.7,1.33,17.7,31.5,122,0,0,0
1982,55,38707.19922,0,192,56,1.5,-3.5,480,Ely silty clay loam,6.6,2.25,5,28.3,66.7,1.33,17.7,31.5,122,0,0,0
1982,56,39052.80078,0,297.6000061,56,-1,-9,320,Ely silty clay loam,6.6,2.25,5,28.3,66.7,1.33,17.7,31.5,122,0,0,0
1982,57,39052.80078,0,332.7999878,56,1,-8,320,Ely silty clay loam,6.6,2.25,5,28.3,66.7,1.33,17.7,31.5,122,0,0,0
1982,58,39398.39844,0,396.7999878,56,4.5,-7.5,360,Ely silty clay loam,6.6,2.25,5,28.3,66.7,1.33,17.7,31.5,122,0,0,0
1982,59,39398.39844,0,371.2000122,56,5.5,-5,440,Ely silty clay loam,6.6,2.25,5,28.3,66.7,1.33,17.7,31.5,122,0,0,0
1982,60,39398.39844,0,281.6000061,52,5,-2,520,Ely silty clay loam,6.6,2.25,5,28.3,66.7,1.33,17.7,31.5,122,0,0,0
1982,61,39744,0,304,52,3,-4.5,440,Ely silty clay loam,6.6,2.25,5,28.3,66.7,1.33,17.7,31.5,122,0,0,0
1982,62,39744,3,211.1999969,56,-2.5,-9,320,Ely silty clay loam,6.6,2.25,5,28.3,66.7,1.33,17.7,31.5,122,0,0,0
1982,63,40089.60156,11,188.8000031,68,-3,-8.5,320,Ely silty clay loam,6.6,2.25,5,28.3,66.7,1.33,17.7,31.5,122,0,0,0
1982,64,40089.60156,0,368,68,-4.5,-13,240,Ely silty clay loam,6.6,2.25,5,28.3,66.7,1.33,17.7,31.5,122,0,0,0
1982,65,40435.19922,0,489.6000061,68,-3,-19.5,120,Ely silty clay loam,6.6,2.25,5,28.3,66.7,1.33,17.7,31.5,122,0,0,0
1982,66,40435.19922,0,467.2000122,68,-5,-18.5,160,Ely silty clay loam,6.6,2.25,5,28.3,66.7,1.33,17.7,31.5,122,0,0,0
1982,67,40780.80078,1,470.3999939,68,-3,-16.5,160,Ely silty clay loam,6.6,2.25,5,28.3,66.7,1.33,17.7,31.5,122,0,0,0
1982,68,40780.80078,1,483.2000122,68,-4.5,-18.5,160,Ely silty clay loam,6.6,2.25,5,28.3,66.7,1.33,17.7,31.5,122,0,0,0
1982,69,41126.39844,0,486.3999939,68,4,-10.5,280,Ely silty clay loam,6.6,2.25,5,28.3,66.7,1.33,17.7,31.5,122,0,0,0
1982,70,41126.39844,0,284.7999878,68,5,-1,560,Ely silty clay loam,6.6,2.25,5,28.3,66.7,1.33,17.7,31.5,122,0,0,0
1982,71,41472,0,441.6000061,64,9,-2,520,Ely silty clay loam,6.6,2.25,5,28.3,66.7,1.33,17.7,31.5,122,0,0,0
1982,72,41472,0,432,64,11,0.5,600,Ely silty clay loam,6.6,2.25,5,28.3,66.7,1.33,17.7,31.5,122,0,0,0
1982,73,41817.60156,0,480,60,9.5,-3.5,440,Ely silty clay loam,6.6,2.25,5,28.3,66.7,1.33,17.7,31.5,122,0,0,0
1982,74,41817.60156,4,224,60,6.5,0.5,640,Ely silty clay loam,6.6,2.25,5,28.3,66.7,1.33,17.7,31.5,122,0,0,0
1982,75,42163.19922,13,195.1999969,56,6.5,1.5,680,Ely silty clay loam,6.6,2.25,5,28.3,66.7,1.33,17.7,31.5,122,0,0,0
1982,76,42163.19922,0,243.1999969,52,5,0.5,640,Ely silty clay loam,6.6,2.25,5,28.3,66.7,1.33,17.7,31.5,122,0,0,0
1982,77,42508.80078,0,291.2000122,48,6.5,1,640,Ely silty clay loam,6.6,2.25,5,28.3,66.7,1.33,17.7,31.5,122,0,0,0
1982,78,42508.80078,17,198.3999939,48,6,1,640,Ely silty clay loam,6.6,2.25,5,28.3,66.7,1.33,17.7,31.5,122,0,0,0
1982,79,42854.39844,8,300.7999878,44,9,0.5,640,Ely silty clay loam,6.6,2.25,5,28.3,66.7,1.33,17.7,31.5,122,0,0,0
1982,80,42854.39844,0,403.2000122,40,7,-1.5,560,Ely silty clay loam,6.6,2.25,5,28.3,66.7,1.33,17.7,31.5,122,0,0,0
1982,81,43200,0,432,40,6.5,-3,480,Ely silty clay loam,6.6,2.25,5,28.3,66.7,1.33,17.7,31.5,122,0,0,0
1982,82,43545.60156,0,524.7999878,40,12.5,-3,480,Ely silty clay loam,6.6,2.25,5,28.3,66.7,1.33,17.7,31.5,122,0,0,0
1982,83,43545.60156,2,483.2000122,36,11.5,-0.5,600,Ely silty clay loam,6.6,2.25,5,28.3,66.7,1.33,17.7,31.5,122,0,0,0
1982,84,43891.19922,0,406.3999939,36,6.5,-2,520,Ely silty clay loam,6.6,2.25,5,28.3,66.7,1.33,17.7,31.5,122,0,0,0
1982,85,43891.19922,0,438.3999939,36,4,-5.5,400,Ely silty clay loam,6.6,2.25,5,28.3,66.7,1.33,17.7,31.5,122,0,0,0
1982,86,44236.80078,0,489.6000061,36,3.5,-8,320,Ely silty clay loam,6.6,2.25,5,28.3,66.7,1.33,17.7,31.5,122,0,0,0
1982,87,44236.80078,0,524.7999878,36,8.5,-5.5,400,Ely silty clay loam,6.6,2.25,5,28.3,66.7,1.33,17.7,31.5,122,0,0,0
1982,88,44582.39844,0,521.5999756,32,13,-1,520,Ely silty clay loam,6.6,2.25,5,28.3,66.7,1.33,17.7,31.5,122,0,0,0
1982,89,44582.39844,12,358.3999939,28,17.5,5.5,880,Ely silty clay loam,6.6,2.25,5,28.3,66.7,1.33,17.7,31.5,122,0,0,0
1982,90,44928,0,496,24,17,4,760,Ely silty clay loam,6.6,2.25,5,28.3,66.7,1.33,17.7,31.5,122,0,0,0
1982,91,44928,0,563.2000122,20,18.5,-1.5,480,Ely silty clay loam,6.6,2.25,5,28.3,66.7,1.33,17.7,31.5,122,0,0,0
1982,92,45273.60156,9,358.3999939,16,20,7,1000,Ely silty clay loam,6.6,2.25,5,28.3,66.7,1.33,17.7,31.5,122,0,0,0
1982,93,45273.60156,9,432,16,17,-5.5,400,Ely silty clay loam,6.6,2.25,5,28.3,66.7,1.33,17.7,31.5,122,0,0,0
1982,94,45619.19922,0,412.7999878,16,2,-7.5,360,Ely silty clay loam,6.6,2.25,5,28.3,66.7,1.33,17.7,31.5,122,0,0,0
1982,95,45619.19922,10,294.3999939,28,1.5,-7,360,Ely silty clay loam,6.6,2.25,5,28.3,66.7,1.33,17.7,31.5,122,0,0,0
1982,96,45964.80078,0,544,28,-1.5,-16,160,Ely silty clay loam,6.6,2.25,5,28.3,66.7,1.33,17.7,31.5,122,0,0,0
1982,97,45964.80078,0,499.2000122,28,-1,-13,240,Ely silty clay loam,6.6,2.25,5,28.3,66.7,1.33,17.7,31.5,122,0,0,0
1982,98,46310.39844,3,140.8000031,28,-2,-5.5,400,Ely silty clay loam,6.6,2.25,5,28.3,66.7,1.33,17.7,31.5,122,0,0,0
1982,99,46310.39844,6,297.6000061,32,1,-7,360,Ely silty clay loam,6.6,2.25,5,28.3,66.7,1.33,17.7,31.5,122,0,0,0
1982,100,46656,0,412.7999878,32,4,-4.5,440,Ely silty clay loam,6.6,2.25,5,28.3,66.7,1.33,17.7,31.5,122,0,0,0
1982,101,46656,0,576,32,7.5,-8.5,320,Ely silty clay loam,6.6,2.25,5,28.3,66.7,1.33,17.7,31.5,122,0,0,0
1982,102,47001.60156,0,544,28,16,1.5,600,Ely silty clay loam,6.6,2.25,5,28.3,66.7,1.33,17.7,31.5,122,0,0,0
1982,103,47001.60156,0,528,24,16.5,3,680,Ely silty clay loam,6.6,2.25,5,28.3,66.7,1.33,17.7,31.5,122,0,0,0
1982,104,47001.60156,0,569.5999756,20,17,0.5,560,Ely silty clay loam,6.6,2.25,5,28.3,66.7,1.33,17.7,31.5,122,0,0,0
1982,105,47347.19922,9,320,16,16.5,6.5,960,Ely silty clay loam,6.6,2.25,5,28.3,66.7,1.33,17.7,31.5,122,0,0,0
1982,106,47347.19922,23,233.6000061,8,18,11,1320,Ely silty clay loam,6.6,2.25,5,28.3,66.7,1.33,17.7,31.5,122,0,0,0
1982,107,47692.80078,10,339.2000122,4,15.5,4.5,840,Ely silty clay loam,6.6,2.25,5,28.3,66.7,1.33,17.7,31.5,122,0,0,0
1982,108,47692.80078,0,553.5999756,4,17,0.5,600,Ely silty clay loam,6.6,2.25,5,28.3,66.7,1.33,17.7,31.5,122,0,0,0
1982,109,48038.39844,0,384,0,16.5,6,920,Ely silty clay loam,6.6,2.25,5,28.3,66.7,1.33,17.7,31.5,122,0,0,0
1982,110,48038.39844,0,419.2000122,0,11.5,0,600,Ely silty clay loam,6.6,2.25,5,28.3,66.7,1.33,17.7,31.5,122,0,0,0
1982,111,48384,0,486.3999939,0,12,-3,480,Ely silty clay loam,6.6,2.25,5,28.3,66.7,1.33,17.7,31.5,122,0,0,0
1982,112,48384,0,473.6000061,0,15.5,1,640,Ely silty clay loam,6.6,2.25,5,28.3,66.7,1.33,17.7,31.5,122,0,0,0
1982,113,48729.60156,0,496,0,19,2.5,720,Ely silty clay loam,6.6,2.25,5,28.3,66.7,1.33,17.7,31.5,122,0,0,0
1982,114,48729.60156,0,476.7999878,0,21.5,6,880,Ely silty clay loam,6.6,2.25,5,28.3,66.7,1.33,17.7,31.5,122,0,0,0
1982,115,49075.19922,0,396.7999878,0,20,8.5,1120,Ely silty clay loam,6.6,2.25,5,28.3,66.7,1.33,17.7,31.5,122,0,0,0
1982,116,49075.19922,0,320,0,17,8.5,1120,Ely silty clay loam,6.6,2.25,5,28.3,66.7,1.33,17.7,31.5,122,0,0,0
1982,117,49420.80078,0,499.2000122,0,16,0,600,Ely silty clay loam,6.6,2.25,5,28.3,66.7,1.33,17.7,31.5,122,0,0,0
1982,118,49420.80078,0,467.2000122,0,14.5,0.5,640,Ely silty clay loam,6.6,2.25,5,28.3,66.7,1.33,17.7,31.5,122,0,0,0
1982,119,49420.80078,0,419.2000122,0,17.5,5.5,920,Ely silty clay loam,6.6,2.25,5,28.3,66.7,1.33,17.7,31.5,122,0,0,0
1982,120,49766.39844,0,499.2000122,0,21,4.5,760,Ely silty clay loam,6.6,2.25,5,28.3,66.7,1.33,17.7,31.5,122,0,0,0
1982,121,49766.39844,0,512,0,22,4.5,760,Ely silty clay loam,6.6,2.25,5,28.3,66.7,1.33,17.7,31.5,122,0,0,0
1982,122,50112,0,512,0,24,6,840,Ely silty clay loam,6.6,2.25,5,28.3,66.7,1.33,17.7,31.5,122,0,0,0
1982,123,50112,0,512,0,26.5,8.5,960,Ely silty clay loam,6.6,2.25,5,28.3,66.7,1.33,17.7,31.5,122,0,0,0
1982,124,50457.60156,10,339.2000122,0,28,13,1480,Ely silty clay loam,6.6,2.25,5,28.3,66.7,1.33,17.7,31.5,122,0,0,0
1982,125,50457.60156,42,294.3999939,0,26.5,14.5,1640,Ely silty clay loam,6.6,2.25,5,28.3,66.7,1.33,17.7,31.5,122,0,0,0
1982,126,50457.60156,24,304,0,19,7.5,1040,Ely silty clay loam,6.6,2.25,5,28.3,66.7,1.33,17.7,31.5,122,0,0,0
1982,127,50803.19922,10,355.2000122,0,19,4.5,840,Ely silty clay loam,6.6,2.25,5,28.3,66.7,1.33,17.7,31.5,122,0,0,0
1982,128,50803.19922,5,342.3999939,0,22.5,8,1080,Ely silty clay loam,6.6,2.25,5,28.3,66.7,1.33,17.7,31.5,122,0,0,0
1982,129,51148.80078,0,428.7999878,0,25,11.5,1360,Ely silty clay loam,6.6,2.25,5,28.3,66.7,1.33,17.7,31.5,122,0,0,0
1982,130,51148.80078,0,396.7999878,0,27,14.5,1640,Ely silty clay loam,6.6,2.25,5,28.3,66.7,1.33,17.7,31.5,122,0,0,0
1982,131,51148.80078,0,361.6000061,0,27,16,1800,Ely silty clay loam,6.6,2.25,5,28.3,66.7,1.33,17.7,31.5,122,0,0,0
1982,132,51494.39844,3,281.6000061,0,27.5,16,1800,Ely silty clay loam,6.6,2.25,5,28.3,66.7,1.33,17.7,31.5,122,0,0,0
1982,133,51494.39844,3,201.6000061,0,24,16.5,1880,Ely silty clay loam,6.6,2.25,5,28.3,66.7,1.33,17.7,31.5,122,0,0,0
1982,134,51494.39844,2,294.3999939,0,23.5,15.5,1760,Ely silty clay loam,6.6,2.25,5,28.3,66.7,1.33,17.7,31.5,122,0,0,0
1982,135,51840,2,384,0,24.5,13.5,1560,Ely silty clay loam,6.6,2.25,5,28.3,66.7,1.33,17.7,31.5,122,0,0,0
1982,136,51840,3,326.3999939,0,26.5,13,1480,Ely silty clay loam,6.6,2.25,5,28.3,66.7,1.33,17.7,31.5,122,0,0,0
1982,137,52185.60156,10,294.3999939,0,27.5,15.5,1760,Ely silty clay loam,6.6,2.25,5,28.3,66.7,1.33,17.7,31.5,122,0,0,0
1982,138,52185.60156,8,304,0,26,14,1600,Ely silty clay loam,6.6,2.25,5,28.3,66.7,1.33,17.7,31.5,122,0,0,0
1982,139,52185.60156,3,316.7999878,0,27,14,1600,Ely silty clay loam,6.6,2.25,5,28.3,66.7,1.33,17.7,31.5,122,0,0,0
1982,140,52531.19922,10,300.7999878,0,26,14,1600,Ely silty clay loam,6.6,2.25,5,28.3,66.7,1.33,17.7,31.5,122,0,0,0
1982,141,52531.19922,13,329.6000061,0,19,6.5,960,Ely silty clay loam,6.6,2.25,5,28.3,66.7,1.33,17.7,31.5,122,0,0,0
1982,142,52531.19922,14,128,0,14,10,1240,Ely silty clay loam,6.6,2.25,5,28.3,66.7,1.33,17.7,31.5,122,0,0,0
1982,143,52531.19922,2,211.1999969,0,15,10,1240,Ely silty clay loam,6.6,2.25,5,28.3,66.7,1.33,17.7,31.5,122,0,0,0
1982,144,52876.80078,0,233.6000061,0,17,11.5,1360,Ely silty clay loam,6.6,2.25,5,28.3,66.7,1.33,17.7,31.5,122,0,0,0
1982,145,52876.80078,0,256,0,18.5,12.5,1440,Ely silty clay loam,6.6,2.25,5,28.3,66.7,1.33,17.7,31.5,122,0,0,0
1982,146,52876.80078,3,160,0,19,14,1600,Ely silty clay loam,6.6,2.25,5,28.3,66.7,1.33,17.7,31.5,122,0,0,0
1982,147,53222.39844,1,313.6000061,0,22,14.5,1640,Ely silty clay loam,6.6,2.25,5,28.3,66.7,1.33,17.7,31.5,122,0,0,0
1982,148,53222.39844,0,435.2000122,0,24,12.5,1440,Ely silty clay loam,6.6,2.25,5,28.3,66.7,1.33,17.7,31.5,122,0,0,0
1982,149,53222.39844,5,208,0,22.5,16,1800,Ely silty clay loam,6.6,2.25,5,28.3,66.7,1.33,17.7,31.5,122,0,0,0
1982,150,53222.39844,0,441.6000061,0,24.5,13,1480,Ely silty clay loam,6.6,2.25,5,28.3,66.7,1.33,17.7,31.5,122,0,0,0
1982,151,53568,0,364.7999878,0,22,13.5,1560,Ely silty clay loam,6.6,2.25,5,28.3,66.7,1.33,17.7,31.5,122,0,0,0
1982,152,53568,0,531.2000122,0,22,6.5,960,Ely silty clay loam,6.6,2.25,5,28.3,66.7,1.33,17.7,31.5,122,0,0,0
1982,153,53568,0,505.6000061,0,22,8.5,1120,Ely silty clay loam,6.6,2.25,5,28.3,66.7,1.33,17.7,31.5,122,0,0,0
1982,154,53568,5,336,0,19.5,9,1160,Ely silty clay loam,6.6,2.25,5,28.3,66.7,1.33,17.7,31.5,122,0,0,0
1982,155,53568,0,489.6000061,0,21,8.5,1120,Ely silty clay loam,6.6,2.25,5,28.3,66.7,1.33,17.7,31.5,122,0,0,0
1982,156,53913.60156,0,531.2000122,0,23,7.5,1040,Ely silty clay loam,6.6,2.25,5,28.3,66.7,1.33,17.7,31.5,122,0,0,0
1982,157,53913.60156,0,425.6000061,0,22,12,1400,Ely silty clay loam,6.6,2.25,5,28.3,66.7,1.33,17.7,31.5,122,0,0,0
1982,158,53913.60156,14,300.7999878,0,25,15.5,1760,Ely silty clay loam,6.6,2.25,5,28.3,66.7,1.33,17.7,31.5,122,0,0,0
1982,159,53913.60156,0,508.7999878,0,25,11,1320,Ely silty clay loam,6.6,2.25,5,28.3,66.7,1.33,17.7,31.5,122,0,0,0
1982,160,53913.60156,4,294.3999939,0,23.5,14.5,1640,Ely silty clay loam,6.6,2.25,5,28.3,66.7,1.33,17.7,31.5,122,0,0,0
1982,161,53913.60156,0,534.4000244,0,24,8.5,1120,Ely silty clay loam,6.6,2.25,5,28.3,66.7,1.33,17.7,31.5,122,0,0,0
1982,162,53913.60156,0,534.4000244,0,25.5,9.5,1200,Ely silty clay loam,6.6,2.25,5,28.3,66.7,1.33,17.7,31.5,122,0,0,0
1982,163,54259.19922,4,380.7999878,0,25.5,11,1320,Ely silty clay loam,6.6,2.25,5,28.3,66.7,1.33,17.7,31.5,122,0,0,0
1982,164,54259.19922,0,547.2000122,0,26,8,1080,Ely silty clay loam,6.6,2.25,5,28.3,66.7,1.33,17.7,31.5,122,0,0,0
1982,165,54259.19922,0,460.7999878,0,26,13.5,1560,Ely silty clay loam,6.6,2.25,5,28.3,66.7,1.33,17.7,31.5,122,0,0,0
1982,166,54259.19922,83,256,0,23.5,15.5,1760,Ely silty clay loam,6.6,2.25,5,28.3,66.7,1.33,17.7,31.5,122,0,0,0
1982,167,54259.19922,0,489.6000061,0,22.5,9.5,1200,Ely silty clay loam,6.6,2.25,5,28.3,66.7,1.33,17.7,31.5,122,0,0,0
1982,168,54259.19922,0,451.2000122,0,23.5,12,1400,Ely silty clay loam,6.6,2.25,5,28.3,66.7,1.33,17.7,31.5,122,0,0,0
1982,169,54259.19922,3,300.7999878,0,22,12.5,1440,Ely silty clay loam,6.6,2.25,5,28.3,66.7,1.33,17.7,31.5,122,0,0,0
1982,170,54259.19922,0,502.3999939,0,22,8.5,1120,Ely silty clay loam,6.6,2.25,5,28.3,66.7,1.33,17.7,31.5,122,0,0,0
1982,171,54259.19922,0,451.2000122,0,24,12.5,1440,Ely silty clay loam,6.6,2.25,5,28.3,66.7,1.33,17.7,31.5,122,0,0,0
1982,172,54259.19922,0,524.7999878,0,25,9,1160,Ely silty clay loam,6.6,2.25,5,28.3,66.7,1.33,17.7,31.5,122,0,0,0
1982,173,54259.19922,0,508.7999878,0,24.5,9.5,1200,Ely silty clay loam,6.6,2.25,5,28.3,66.7,1.33,17.7,31.5,122,0,0,0
1982,174,54259.19922,0,512,0,26.5,10.5,1280,Ely silty clay loam,6.6,2.25,5,28.3,66.7,1.33,17.7,31.5,122,0,0,0
1982,175,54259.19922,0,496,0,29,13,1480,Ely silty clay loam,6.6,2.25,5,28.3,66.7,1.33,17.7,31.5,122,0,0,0
1982,176,54259.19922,0,364.7999878,0,27.5,17.5,2000,Ely silty clay loam,6.6,2.25,5,28.3,66.7,1.33,17.7,31.5,122,0,0,0
1982,177,54259.19922,13,320,0,24.5,12.5,1440,Ely silty clay loam,6.6,2.25,5,28.3,66.7,1.33,17.7,31.5,122,0,0,0
1982,178,54259.19922,0,403.2000122,0,27.5,16,1800,Ely silty clay loam,6.6,2.25,5,28.3,66.7,1.33,17.7,31.5,122,0,0,0
1982,179,54259.19922,0,380.7999878,0,29,18,2080,Ely silty clay loam,6.6,2.25,5,28.3,66.7,1.33,17.7,31.5,122,0,0,0
1982,180,54259.19922,0,342.3999939,0,28,18.5,2120,Ely silty clay loam,6.6,2.25,5,28.3,66.7,1.33,17.7,31.5,122,0,0,0
1982,181,54259.19922,0,355.2000122,0,23.5,14,1600,Ely silty clay loam,6.6,2.25,5,28.3,66.7,1.33,17.7,31.5,122,0,0,0
1982,182,53913.60156,0,428.7999878,0,24,12,1400,Ely silty clay loam,6.6,2.25,5,28.3,66.7,1.33,17.7,31.5,122,0,0,0
1982,183,53913.60156,0,374.3999939,0,24.5,14.5,1640,Ely silty clay loam,6.6,2.25,5,28.3,66.7,1.33,17.7,31.5,122,0,0,0
1982,184,53913.60156,0,416,0,30.5,18,2080,Ely silty clay loam,6.6,2.25,5,28.3,66.7,1.33,17.7,31.5,122,0,0,0
1982,185,53913.60156,0,492.7999878,0,33.5,16,1800,Ely silty clay loam,6.6,2.25,5,28.3,66.7,1.33,17.7,31.5,122,0,0,0
1982,186,53913.60156,0,377.6000061,0,33,21.5,2560,Ely silty clay loam,6.6,2.25,5,28.3,66.7,1.33,17.7,31.5,122,0,0,0
1982,187,53913.60156,0,361.6000061,0,30.5,20,2320,Ely silty clay loam,6.6,2.25,5,28.3,66.7,1.33,17.7,31.5,122,0,0,0
1982,188,53913.60156,33,316.7999878,0,28.5,16,1800,Ely silty clay loam,6.6,2.25,5,28.3,66.7,1.33,17.7,31.5,122,0,0,0
1982,189,53568,0,457.6000061,0,28,14,1600,Ely silty clay loam,6.6,2.25,5,28.3,66.7,1.33,17.7,31.5,122,0,0,0
1982,190,53568,0,403.2000122,0,29,17,1920,Ely silty clay loam,6.6,2.25,5,28.3,66.7,1.33,17.7,31.5,122,0,0,0
1982,191,53568,25,246.3999939,0,27,18,2080,Ely silty clay loam,6.6,2.25,5,28.3,66.7,1.33,17.7,31.5,122,0,0,0
1982,192,53568,9,275.2000122,0,26,16,1800,Ely silty clay loam,6.6,2.25,5,28.3,66.7,1.33,17.7,31.5,122,0,0,0
1982,193,53568,0,467.2000122,0,28.5,14,1600,Ely silty clay loam,6.6,2.25,5,28.3,66.7,1.33,17.7,31.5,122,0,0,0
1982,194,53222.39844,8,355.2000122,0,30,15,1720,Ely silty clay loam,6.6,2.25,5,28.3,66.7,1.33,17.7,31.5,122,0.596944,0.526337154,0
1982,195,53222.39844,0,412.7999878,0,29,17,1920,Ely silty clay loam,6.6,2.25,5,28.3,66.7,1.33,17.7,31.5,122,2.284772367,2.138656174,0.599022147
1982,196,53222.39844,13,275.2000122,0,30,19.5,2280,Ely silty clay loam,6.6,2.25,5,28.3,66.7,1.33,17.7,31.5,122,4.951247943,4.722960164,2.178546503
1982,197,53222.39844,25,294.3999939,0,30.5,19,2200,Ely silty clay loam,6.6,2.25,5,28.3,66.7,1.33,17.7,31.5,122,8.586661398,8.294328857,4.639775414
1982,198,52876.80078,0,342.3999939,0,32,22,2640,Ely silty clay loam,6.6,2.25,5,28.3,66.7,1.33,17.7,31.5,122,12.85653418,12.51711106,7.951219745
1982,199,52876.80078,65,304,0,30.5,18.5,2120,Ely silty clay loam,6.6,2.25,5,28.3,66.7,1.33,17.7,31.5,122,18.51280625,18.12895847,11.81470682
1982,200,52876.80078,0,342.3999939,0,29,19.5,2280,Ely silty clay loam,6.6,2.25,5,28.3,66.7,1.33,17.7,31.5,122,25.26391428,24.77260297,16.91612561
1982,201,52876.80078,0,355.2000122,0,29.5,19.5,2280,Ely silty clay loam,6.6,2.25,5,28.3,66.7,1.33,17.7,31.5,122,32.16242383,31.56190023,23.05505913
1982,202,52531.19922,0,345.6000061,0,29.5,20,2320,Ely silty clay loam,6.6,2.25,5,28.3,66.7,1.33,17.7,31.5,122,41.31949232,40.55320293,29.32747849
1982,203,52531.19922,0,419.2000122,0,29,17,1920,Ely silty clay loam,6.6,2.25,5,28.3,66.7,1.33,17.7,31.5,122,51.40125831,50.46871812,37.67260686
1982,204,52531.19922,0,422.3999939,0,28.5,16.5,1880,Ely silty clay loam,6.6,2.25,5,28.3,66.7,1.33,17.7,31.5,122,62.39846601,61.39037463,46.84548986
1982,205,52185.60156,0,454.3999939,0,29,15.5,1760,Ely silty clay loam,6.6,2.25,5,28.3,66.7,1.33,17.7,31.5,122,74.01156178,72.99380735,56.75396978
1982,206,52185.60156,0,422.3999939,0,30.5,18,2080,Ely silty clay loam,6.6,2.25,5,28.3,66.7,1.33,17.7,31.5,122,85.59946871,84.6405231,67.15286488
1982,207,52185.60156,0,419.2000122,0,31.5,19,2200,Ely silty clay loam,6.6,2.25,5,28.3,66.7,1.33,17.7,31.5,122,95.86672372,94.91976075,77.46623969
1982,208,51840,0,361.6000061,0,29.5,19.5,2280,Ely silty clay loam,6.6,2.25,5,28.3,66.7,1.33,17.7,31.5,122,107.0721919,106.0974379,86.64112682
1982,209,51840,0,435.2000122,0,27.5,15,1720,Ely silty clay loam,6.6,2.25,5,28.3,66.7,1.33,17.7,31.5,122,118.6702723,117.6305257,96.69200071
1982,210,51840,0,432,0,27.5,15,1720,Ely silty clay loam,6.6,2.25,5,28.3,66.7,1.33,17.7,31.5,122,133.3642256,132.3036748,107.1283572
1982,211,51494.39844,5,339.2000122,0,27,13.5,1560,Ely silty clay loam,6.6,2.25,5,28.3,66.7,1.33,17.7,31.5,122,150.4375045,149.300677,120.2938827
1982,212,51494.39844,0,467.2000122,0,28,13.5,1560,Ely silty clay loam,6.6,2.25,5,28.3,66.7,1.33,17.7,31.5,122,168.3925479,166.9010972,135.6391704
1982,213,51494.39844,0,451.2000122,0,31,16.5,1880,Ely silty clay loam,6.6,2.25,5,28.3,66.7,1.33,17.7,31.5,122,189.9673146,187.9066212,152.0293941
1982,214,51148.80078,0,448,0,33,18,2080,Ely silty clay loam,6.6,2.25,5,28.3,66.7,1.33,17.7,31.5,122,212.5124763,209.7573737,171.8555318
1982,215,51148.80078,0,422.3999939,0,34.5,20.5,2400,Ely silty clay loam,6.6,2.25,5,28.3,66.7,1.33,17.7,31.5,122,233.5382549,230.2161538,192.6649979
1982,216,50803.19922,0,361.6000061,0,32.5,21.5,2560,Ely silty clay loam,6.6,2.25,5,28.3,66.7,1.33,17.7,31.5,122,252.6872611,249.0027469,211.9979024
1982,217,50803.19922,11,227.1999969,0,29,20.5,2400,Ely silty clay loam,6.6,2.25,5,28.3,66.7,1.33,17.7,31.5,122,272.8721479,268.9317595,229.4635068
1982,218,50803.19922,2,246.3999939,0,26.5,20,2320,Ely silty clay loam,6.6,2.25,5,28.3,66.7,1.33,17.7,31.5,122,296.1231521,291.9124413,247.7578922
1982,219,50457.60156,29,233.6000061,0,28.5,20,2320,Ely silty clay loam,6.6,2.25,5,28.3,66.7,1.33,17.7,31.5,122,321.5771194,317.1166032,268.8087625
1982,220,50457.60156,0,361.6000061,0,28,18,2080,Ely silty clay loam,6.6,2.25,5,28.3,66.7,1.33,17.7,31.5,122,347.3747487,342.7224591,291.8117075
1982,221,50112,0,428.7999878,0,24,12,1400,Ely silty clay loam,6.6,2.25,5,28.3,66.7,1.33,17.7,31.5,122,373.2029864,368.3588775,315.0687388
1982,222,50112,0,406.3999939,0,22,11,1320,Ely silty clay loam,6.6,2.25,5,28.3,66.7,1.33,17.7,31.5,122,398.1532126,393.224477,338.3531972
1982,223,50112,0,505.6000061,0,23.5,7,1000,Ely silty clay loam,6.6,2.25,5,28.3,66.7,1.33,17.7,31.5,122,428.7356816,423.7135658,360.7535141
1982,224,49766.39844,0,489.6000061,0,24,8.5,1120,Ely silty clay loam,6.6,2.25,5,28.3,66.7,1.33,17.7,31.5,122,455.0708394,449.6341756,388.2009391
1982,225,49766.39844,0,393.6000061,0,24.5,13.5,1560,Ely silty clay loam,6.6,2.25,5,28.3,66.7,1.33,17.7,31.5,122,486.0112472,480.2062913,412.1438073
1982,226,49420.80078,0,300.7999878,0,25.5,17.5,2000,Ely silty clay loam,6.6,2.25,5,28.3,66.7,1.33,17.7,31.5,122,516.5598771,510.3912772,440.1643525
1982,227,49420.80078,0,316.7999878,0,26,17.5,2000,Ely silty clay loam,6.6,2.25,5,28.3,66.7,1.33,17.7,31.5,122,552.0175087,510.3912772,467.8301064
1982,228,49075.19922,0,393.6000061,0,28,16.5,1880,Ely silty clay loam,6.6,2.25,5,28.3,66.7,1.33,17.7,31.5,122,558.959241,510.3912772,500.0469538
1982,229,49075.19922,0,435.2000122,0,30,16,1800,Ely silty clay loam,6.6,2.25,5,28.3,66.7,1.33,17.7,31.5,122,573.6950828,510.3912772,506.6329349
1982,230,48729.60156,0,416,0,29.5,16.5,1880,Ely silty clay loam,6.6,2.25,5,28.3,66.7,1.33,17.7,31.5,122,591.8238629,510.3912772,520.1526028
1982,231,48729.60156,0,387.2000122,0,30.5,18.5,2120,Ely silty clay loam,6.6,2.25,5,28.3,66.7,1.33,17.7,31.5,122,609.4472818,510.3912772,536.8553023
1982,232,48729.60156,0,339.2000122,0,29,19,2200,Ely silty clay loam,6.6,2.25,5,28.3,66.7,1.33,17.7,31.5,122,618.8337804,524.5708786,553.4643887
1982,233,48384,0,473.6000061,0,28,11.5,1360,Ely silty clay loam,6.6,2.25,5,28.3,66.7,1.33,17.7,31.5,122,629.6018346,524.5708786,562.1956264
1982,234,48384,18,316.7999878,0,28,14.5,1640,Ely silty clay loam,6.6,2.25,5,28.3,66.7,1.33,17.7,31.5,122,640.6351784,524.5708786,572.0609854
1982,235,48038.39844,0,419.2000122,0,28,14.5,1640,Ely silty clay loam,6.6,2.25,5,28.3,66.7,1.33,17.7,31.5,122,652.1358996,536.0370674,582.0822195
1982,236,48038.39844,0,384,0,26,14.5,1640,Ely silty clay loam,6.6,2.25,5,28.3,66.7,1.33,17.7,31.5,122,670.4144244,536.0370674,592.4034515
1982,237,47692.80078,0,476.7999878,0,26.5,9.5,1200,Ely silty clay loam,6.6,2.25,5,28.3,66.7,1.33,17.7,31.5,122,689.9551459,536.0370674,609.0778806
1982,238,47692.80078,0,428.7999878,0,26,12,1400,Ely silty clay loam,6.6,2.25,5,28.3,66.7,1.33,17.7,31.5,122,704.3826796,549.9469352,627.2300469
1982,239,47347.19922,0,358.3999939,0,23.5,13,1480,Ely silty clay loam,6.6,2.25,5,28.3,66.7,1.33,17.7,31.5,122,712.7062847,549.9469352,640.6142536
1982,240,47347.19922,0,438.3999939,0,21,7,1000,Ely silty clay loam,6.6,2.25,5,28.3,66.7,1.33,17.7,31.5,122,724.7709875,549.9469352,648.1853857
1982,241,47001.60156,0,412.7999878,0,23,10,1240,Ely silty clay loam,6.6,2.25,5,28.3,66.7,1.33,17.7,31.5,122,739.8949704,549.9469352,659.3164679
1982,242,47001.60156,16,224,0,23.5,15,1720,Ely silty clay loam,6.6,2.25,5,28.3,66.7,1.33,17.7,31.5,122,755.7619529,565.266341,673.3657472
1982,243,46656,15,262.3999939,0,26,15.5,1760,Ely silty clay loam,6.6,2.25,5,28.3,66.7,1.33,17.7,31.5,122,769.2097249,"565.2663410449084, 565.2663410449084, 565.2663410449084",688.0653138
1982,244,46656,11,272,0,28.5,17,1920,Ely silty clay loam,6.6,2.25,5,28.3,66.7,1.33,17.7,31.5,122,782.7282774,0,700.3329297
1982,245,46310.39844,3,288,0,26,14,1600,Ely silty clay loam,6.6,2.25,5,28.3,66.7,1.33,17.7,31.5,122,782.7282774,0,712.4464291
1982,246,46310.39844,0,448,0,24.5,9,1160,Ely silty clay loam,6.6,2.25,5,28.3,66.7,1.33,17.7,31.5,122,0,0,712.4464291
1982,247,45964.80078,0,467.2000122,0,26,8,1080,Ely silty clay loam,6.6,2.25,5,28.3,66.7,1.33,17.7,31.5,122,0,0,0
1982,248,45964.80078,0,345.6000061,0,26,15,1720,Ely silty clay loam,6.6,2.25,5,28.3,66.7,1.33,17.7,31.5,122,0,0,0
1982,249,45619.19922,15,204.8000031,0,22,14,1600,Ely silty clay loam,6.6,2.25,5,28.3,66.7,1.33,17.7,31.5,122,0,0,0
1982,250,45619.19922,0,291.2000122,0,21,12.5,1440,Ely silty clay loam,6.6,2.25,5,28.3,66.7,1.33,17.7,31.5,122,0,0,0
1982,251,45273.60156,0,361.6000061,0,23,11.5,1360,Ely silty clay loam,6.6,2.25,5,28.3,66.7,1.33,17.7,31.5,122,0,0,0
1982,252,45273.60156,0,380.7999878,0,26.5,13.5,1560,Ely silty clay loam,6.6,2.25,5,28.3,66.7,1.33,17.7,31.5,122,0,0,0
1982,253,44928,2,329.6000061,0,28.5,17.5,2000,Ely silty clay loam,6.6,2.25,5,28.3,66.7,1.33,17.7,31.5,122,0,0,0
1982,254,44928,0,339.2000122,0,29.5,18,2080,Ely silty clay loam,6.6,2.25,5,28.3,66.7,1.33,17.7,31.5,122,0,0,0
1982,255,44582.39844,0,304,0,29,19,2200,Ely silty clay loam,6.6,2.25,5,28.3,66.7,1.33,17.7,31.5,122,0,0,0
1982,256,44582.39844,8,227.1999969,0,28.5,18.5,2120,Ely silty clay loam,6.6,2.25,5,28.3,66.7,1.33,17.7,31.5,122,0,0,0
1982,257,44236.80078,11,224,0,24.5,15,1720,Ely silty clay loam,6.6,2.25,5,28.3,66.7,1.33,17.7,31.5,122,0,0,0
1982,258,44236.80078,7,192,0,19.5,12,1400,Ely silty clay loam,6.6,2.25,5,28.3,66.7,1.33,17.7,31.5,122,0,0,0
1982,259,43891.19922,0,355.2000122,0,16.5,5.5,920,Ely silty clay loam,6.6,2.25,5,28.3,66.7,1.33,17.7,31.5,122,0,0,0
1982,260,43891.19922,12,160,0,16.5,10.5,1280,Ely silty clay loam,6.6,2.25,5,28.3,66.7,1.33,17.7,31.5,122,0,0,0
1982,261,43545.60156,12,284.7999878,0,19,6.5,960,Ely silty clay loam,6.6,2.25,5,28.3,66.7,1.33,17.7,31.5,122,0,0,0
1982,262,43545.60156,0,416,0,21.5,6,920,Ely silty clay loam,6.6,2.25,5,28.3,66.7,1.33,17.7,31.5,122,0,0,0
1982,263,43200,0,393.6000061,0,18,4.5,840,Ely silty clay loam,6.6,2.25,5,28.3,66.7,1.33,17.7,31.5,122,0,0,0
1982,264,43200,0,416,0,16,1,640,Ely silty clay loam,6.6,2.25,5,28.3,66.7,1.33,17.7,31.5,122,0,0,0
1982,265,42854.39844,0,441.6000061,0,19.5,0.5,640,Ely silty clay loam,6.6,2.25,5,28.3,66.7,1.33,17.7,31.5,122,0,0,0
1982,266,42854.39844,0,409.6000061,0,22,5.5,920,Ely silty clay loam,6.6,2.25,5,28.3,66.7,1.33,17.7,31.5,122,0,0,0
1982,267,42508.80078,0,316.7999878,0,20,9.5,1200,Ely silty clay loam,6.6,2.25,5,28.3,66.7,1.33,17.7,31.5,122,0,0,0
1982,268,42508.80078,0,316.7999878,0,15.5,5.5,920,Ely silty clay loam,6.6,2.25,5,28.3,66.7,1.33,17.7,31.5,122,0,0,0
1982,269,42163.19922,0,304,0,14.5,5,880,Ely silty clay loam,6.6,2.25,5,28.3,66.7,1.33,17.7,31.5,122,0,0,0
1982,270,42163.19922,0,406.3999939,0,19,2.5,720,Ely silty clay loam,6.6,2.25,5,28.3,66.7,1.33,17.7,31.5,122,0,0,0
1982,271,41817.60156,0,380.7999878,0,24.5,9,1160,Ely silty clay loam,6.6,2.25,5,28.3,66.7,1.33,17.7,31.5,122,0,0,0
1982,272,41817.60156,0,300.7999878,0,26,15,1720,Ely silty clay loam,6.6,2.25,5,28.3,66.7,1.33,17.7,31.5,122,0,0,0
1982,273,41472,0,316.7999878,0,28,15.5,1760,Ely silty clay loam,6.6,2.25,5,28.3,66.7,1.33,17.7,31.5,122,0,0,0
1982,274,41472,0,313.6000061,0,28.5,16,1800,Ely silty clay loam,6.6,2.25,5,28.3,66.7,1.33,17.7,31.5,122,0,0,0
1982,275,41126.39844,2,329.6000061,0,25.5,12.5,1440,Ely silty clay loam,6.6,2.25,5,28.3,66.7,1.33,17.7,31.5,122,0,0,0
1982,276,41126.39844,0,377.6000061,0,22.5,6,920,Ely silty clay loam,6.6,2.25,5,28.3,66.7,1.33,17.7,31.5,122,0,0,0
1982,277,40780.80078,0,387.2000122,0,24.5,6,920,Ely silty clay loam,6.6,2.25,5,28.3,66.7,1.33,17.7,31.5,122,0,0,0
1982,278,40780.80078,0,355.2000122,0,24.5,9,1160,Ely silty clay loam,6.6,2.25,5,28.3,66.7,1.33,17.7,31.5,122,0,0,0
1982,279,40435.19922,8,233.6000061,0,25,12,1400,Ely silty clay loam,6.6,2.25,5,28.3,66.7,1.33,17.7,31.5,122,0,0,0
1982,280,40435.19922,0,387.2000122,0,23,3,760,Ely silty clay loam,6.6,2.25,5,28.3,66.7,1.33,17.7,31.5,122,0,0,0
1982,281,40089.60156,0,345.6000061,0,21,5.5,920,Ely silty clay loam,6.6,2.25,5,28.3,66.7,1.33,17.7,31.5,122,0,0,0
1982,282,40089.60156,36,217.6000061,0,22,10,1240,Ely silty clay loam,6.6,2.25,5,28.3,66.7,1.33,17.7,31.5,122,0,0,0
1982,283,39744,0,214.3999939,0,16.5,8.5,1120,Ely silty clay loam,6.6,2.25,5,28.3,66.7,1.33,17.7,31.5,122,0,0,0
1982,284,39744,0,195.1999969,0,13.5,6.5,960,Ely silty clay loam,6.6,2.25,5,28.3,66.7,1.33,17.7,31.5,122,0,0,0
1982,285,39398.39844,0,281.6000061,0,13,2,720,Ely silty clay loam,6.6,2.25,5,28.3,66.7,1.33,17.7,31.5,122,0,0,0
1982,286,39398.39844,0,204.8000031,0,12.5,5,880,Ely silty clay loam,6.6,2.25,5,28.3,66.7,1.33,17.7,31.5,122,0,0,0
1982,287,39052.80078,0,320,0,18.5,4,800,Ely silty clay loam,6.6,2.25,5,28.3,66.7,1.33,17.7,31.5,122,0,0,0
1982,288,39052.80078,0,313.6000061,0,19,4.5,840,Ely silty clay loam,6.6,2.25,5,28.3,66.7,1.33,17.7,31.5,122,0,0,0
1982,289,38707.19922,0,336,0,16,-0.5,600,Ely silty clay loam,6.6,2.25,5,28.3,66.7,1.33,17.7,31.5,122,0,0,0
1982,290,38707.19922,0,310.3999939,0,17.5,2.5,720,Ely silty clay loam,6.6,2.25,5,28.3,66.7,1.33,17.7,31.5,122,0,0,0
1982,291,38361.60156,0,278.3999939,0,20,7,1000,Ely silty clay loam,6.6,2.25,5,28.3,66.7,1.33,17.7,31.5,122,0,0,0
1982,292,38361.60156,3,172.8000031,0,18.5,8.5,1120,Ely silty clay loam,6.6,2.25,5,28.3,66.7,1.33,17.7,31.5,122,0,0,0
1982,293,38016,8,217.6000061,0,13,-0.5,600,Ely silty clay loam,6.6,2.25,5,28.3,66.7,1.33,17.7,31.5,122,0,0,0
1982,294,38016,0,256,0,8,-3,480,Ely silty clay loam,6.6,2.25,5,28.3,66.7,1.33,17.7,31.5,122,0,0,0
1982,295,37670.39844,0,329.6000061,0,11.5,-6,400,Ely silty clay loam,6.6,2.25,5,28.3,66.7,1.33,17.7,31.5,122,0,0,0
1982,296,37670.39844,0,326.3999939,0,14.5,-3.5,480,Ely silty clay loam,6.6,2.25,5,28.3,66.7,1.33,17.7,31.5,122,0,0,0
1982,297,37670.39844,0,313.6000061,0,15,-2,520,Ely silty clay loam,6.6,2.25,5,28.3,66.7,1.33,17.7,31.5,122,0,0,0
1982,298,37324.80078,0,313.6000061,0,17,-1,560,Ely silty clay loam,6.6,2.25,5,28.3,66.7,1.33,17.7,31.5,122,0,0,0
1982,299,37324.80078,0,310.3999939,0,17.5,-1,560,Ely silty clay loam,6.6,2.25,5,28.3,66.7,1.33,17.7,31.5,122,0,0,0
1982,300,36979.19922,0,217.6000061,0,15,4.5,840,Ely silty clay loam,6.6,2.25,5,28.3,66.7,1.33,17.7,31.5,122,0,0,0
1982,301,36979.19922,0,134.3999939,0,14.5,8.5,1120,Ely silty clay loam,6.6,2.25,5,28.3,66.7,1.33,17.7,31.5,122,0,0,0
1982,302,36633.60156,0,224,0,16,5,880,Ely silty clay loam,6.6,2.25,5,28.3,66.7,1.33,17.7,31.5,122,0,0,0
1982,303,36633.60156,0,211.1999969,0,18,7.5,1040,Ely silty clay loam,6.6,2.25,5,28.3,66.7,1.33,17.7,31.5,122,0,0,0
1982,304,36288,0,211.1999969,0,18.5,8,1080,Ely silty clay loam,6.6,2.25,5,28.3,66.7,1.33,17.7,31.5,122,0,0,0
1982,305,36288,35,112,0,16,9,1160,Ely silty clay loam,6.6,2.25,5,28.3,66.7,1.33,17.7,31.5,122,0,0,0
1982,306,36288,13,128,0,14,6,920,Ely silty clay loam,6.6,2.25,5,28.3,66.7,1.33,17.7,31.5,122,0,0,0
1982,307,35942.39844,0,236.8000031,0,10,-1.5,560,Ely silty clay loam,6.6,2.25,5,28.3,66.7,1.33,17.7,31.5,122,0,0,0
1982,308,35942.39844,0,163.1999969,0,0.5,-6.5,360,Ely silty clay loam,6.6,2.25,5,28.3,66.7,1.33,17.7,31.5,122,0,0,0
1982,309,35596.80078,0,112,0,-1,-5.5,400,Ely silty clay loam,6.6,2.25,5,28.3,66.7,1.33,17.7,31.5,122,0,0,0
1982,310,35596.80078,0,281.6000061,0,9,-7,360,Ely silty clay loam,6.6,2.25,5,28.3,66.7,1.33,17.7,31.5,122,0,0,0
1982,311,35596.80078,0,281.6000061,0,16.5,-1,560,Ely silty clay loam,6.6,2.25,5,28.3,66.7,1.33,17.7,31.5,122,0,0,0
1982,312,35251.19922,0,246.3999939,0,13.5,0.5,640,Ely silty clay loam,6.6,2.25,5,28.3,66.7,1.33,17.7,31.5,122,0,0,0
1982,313,35251.19922,10,86.40000153,0,7.5,2.5,720,Ely silty clay loam,6.6,2.25,5,28.3,66.7,1.33,17.7,31.5,122,0,0,0
1982,314,34905.60156,0,185.6000061,0,13.5,4.5,840,Ely silty clay loam,6.6,2.25,5,28.3,66.7,1.33,17.7,31.5,122,0,0,0
1982,315,34905.60156,20,160,0,14.5,3.5,800,Ely silty clay loam,6.6,2.25,5,28.3,66.7,1.33,17.7,31.5,122,0,0,0
1982,316,34905.60156,34,246.3999939,32,15,-7.5,360,Ely silty clay loam,6.6,2.25,5,28.3,66.7,1.33,17.7,31.5,122,0,0,0
1982,317,34560,0,230.3999939,32,-2.5,-12.5,240,Ely silty clay loam,6.6,2.25,5,28.3,66.7,1.33,17.7,31.5,122,0,0,0
1982,318,34560,0,150.3999939,32,-2,-8,320,Ely silty clay loam,6.6,2.25,5,28.3,66.7,1.33,17.7,31.5,122,0,0,0
1982,319,34560,0,272,32,2,-11,280,Ely silty clay loam,6.6,2.25,5,28.3,66.7,1.33,17.7,31.5,122,0,0,0
1982,320,34214.39844,0,246.3999939,32,6,-5.5,400,Ely silty clay loam,6.6,2.25,5,28.3,66.7,1.33,17.7,31.5,122,0,0,0
1982,321,34214.39844,0,284.7999878,32,9.5,-6,400,Ely silty clay loam,6.6,2.25,5,28.3,66.7,1.33,17.7,31.5,122,0,0,0
1982,322,34214.39844,0,265.6000061,32,10.5,-3.5,480,Ely silty clay loam,6.6,2.25,5,28.3,66.7,1.33,17.7,31.5,122,0,0,0
1982,323,33868.80078,2,147.1999969,28,13,6.5,960,Ely silty clay loam,6.6,2.25,5,28.3,66.7,1.33,17.7,31.5,122,0,0,0
1982,324,33868.80078,0,211.1999969,24,17,6.5,960,Ely silty clay loam,6.6,2.25,5,28.3,66.7,1.33,17.7,31.5,122,0,0,0
1982,325,33868.80078,0,249.6000061,20,11,-2,520,Ely silty clay loam,6.6,2.25,5,28.3,66.7,1.33,17.7,31.5,122,0,0,0
1982,326,33523.19922,0,192,20,7,-1.5,560,Ely silty clay loam,6.6,2.25,5,28.3,66.7,1.33,17.7,31.5,122,0,0,0
1982,327,33523.19922,0,240,20,4.5,-7,360,Ely silty clay loam,6.6,2.25,5,28.3,66.7,1.33,17.7,31.5,122,0,0,0
1982,328,33523.19922,0,230.3999939,20,-1,-11.5,240,Ely silty clay loam,6.6,2.25,5,28.3,66.7,1.33,17.7,31.5,122,0,0,0
1982,329,33523.19922,0,227.1999969,20,2.5,-8,320,Ely silty clay loam,6.6,2.25,5,28.3,66.7,1.33,17.7,31.5,122,0,0,0
1982,330,33177.60156,0,169.6000061,20,2,-5,440,Ely silty clay loam,6.6,2.25,5,28.3,66.7,1.33,17.7,31.5,122,0,0,0
1982,331,33177.60156,0,230.3999939,20,1.5,-9.5,280,Ely silty clay loam,6.6,2.25,5,28.3,66.7,1.33,17.7,31.5,122,0,0,0
1982,332,33177.60156,10,83.19999695,16,2,-2.5,520,Ely silty clay loam,6.6,2.25,5,28.3,66.7,1.33,17.7,31.5,122,0,0,0
1982,333,33177.60156,1,76.80000305,16,3,0,600,Ely silty clay loam,6.6,2.25,5,28.3,66.7,1.33,17.7,31.5,122,0,0,0
1982,334,32832,0,144,12,7.5,1.5,680,Ely silty clay loam,6.6,2.25,5,28.3,66.7,1.33,17.7,31.5,122,0,0,0
1982,335,32832,0,224,8,13.5,2,720,Ely silty clay loam,6.6,2.25,5,28.3,66.7,1.33,17.7,31.5,122,0,0,0
1982,336,32832,10,89.59999847,0,17,11.5,1360,Ely silty clay loam,6.6,2.25,5,28.3,66.7,1.33,17.7,31.5,122,0,0,0
1982,337,32832,0,214.3999939,0,15.5,2,720,Ely silty clay loam,6.6,2.25,5,28.3,66.7,1.33,17.7,31.5,122,0,0,0
1982,338,32832,0,160,0,5.5,-2.5,520,Ely silty clay loam,6.6,2.25,5,28.3,66.7,1.33,17.7,31.5,122,0,0,0
1982,339,32486.40039,27,86.40000153,0,5.5,0,600,Ely silty clay loam,6.6,2.25,5,28.3,66.7,1.33,17.7,31.5,122,0,0,0
1982,340,32486.40039,14,121.5999985,0,4.5,-3.5,480,Ely silty clay loam,6.6,2.25,5,28.3,66.7,1.33,17.7,31.5,122,0,0,0
1982,341,32486.40039,2,140.8000031,0,2,-4.5,440,Ely silty clay loam,6.6,2.25,5,28.3,66.7,1.33,17.7,31.5,122,0,0,0
1982,342,32486.40039,1,128,0,-4,-9,320,Ely silty clay loam,6.6,2.25,5,28.3,66.7,1.33,17.7,31.5,122,0,0,0
1982,343,32486.40039,0,246.3999939,0,-5.5,-19,120,Ely silty clay loam,6.6,2.25,5,28.3,66.7,1.33,17.7,31.5,122,0,0,0
1982,344,32486.40039,0,236.8000031,0,1,-11.5,240,Ely silty clay loam,6.6,2.25,5,28.3,66.7,1.33,17.7,31.5,122,0,0,0
1982,345,32486.40039,0,246.3999939,0,-2.5,-16.5,160,Ely silty clay loam,6.6,2.25,5,28.3,66.7,1.33,17.7,31.5,122,0,0,0
1982,346,32140.80078,0,220.8000031,0,-7,-17.5,160,Ely silty clay loam,6.6,2.25,5,28.3,66.7,1.33,17.7,31.5,122,0,0,0
1982,347,32140.80078,0,236.8000031,0,2,-11,280,Ely silty clay loam,6.6,2.25,5,28.3,66.7,1.33,17.7,31.5,122,0,0,0
1982,348,32140.80078,0,118.4000015,0,3.5,-2,520,Ely silty clay loam,6.6,2.25,5,28.3,66.7,1.33,17.7,31.5,122,0,0,0
1982,349,32140.80078,0,89.59999847,0,2,-2,520,Ely silty clay loam,6.6,2.25,5,28.3,66.7,1.33,17.7,31.5,122,0,0,0
1982,350,32140.80078,0,140.8000031,0,0.5,-6,400,Ely silty clay loam,6.6,2.25,5,28.3,66.7,1.33,17.7,31.5,122,0,0,0
1982,351,32140.80078,0,198.3999939,0,2,-8.5,320,Ely silty clay loam,6.6,2.25,5,28.3,66.7,1.33,17.7,31.5,122,0,0,0
1982,352,32140.80078,0,166.3999939,0,7.5,-0.5,600,Ely silty clay loam,6.6,2.25,5,28.3,66.7,1.33,17.7,31.5,122,0,0,0
1982,353,32140.80078,0,124.8000031,0,4.5,-1,560,Ely silty clay loam,6.6,2.25,5,28.3,66.7,1.33,17.7,31.5,122,0,0,0
1982,354,32140.80078,0,128,0,1.5,-4,440,Ely silty clay loam,6.6,2.25,5,28.3,66.7,1.33,17.7,31.5,122,0,0,0
1982,355,32140.80078,0,208,0,3.5,-8,320,Ely silty clay loam,6.6,2.25,5,28.3,66.7,1.33,17.7,31.5,122,0,0,0
1982,356,32140.80078,0,198.3999939,0,7,-3.5,480,Ely silty clay loam,6.6,2.25,5,28.3,66.7,1.33,17.7,31.5,122,0,0,0
1982,357,32140.80078,0,124.8000031,0,7.5,2,720,Ely silty clay loam,6.6,2.25,5,28.3,66.7,1.33,17.7,31.5,122,0,0,0
1982,358,32140.80078,5,140.8000031,0,12,2.5,720,Ely silty clay loam,6.6,2.25,5,28.3,66.7,1.33,17.7,31.5,122,0,0,0
1982,359,32140.80078,0,217.6000061,0,12,-1.5,560,Ely silty clay loam,6.6,2.25,5,28.3,66.7,1.33,17.7,31.5,122,0,0,0
1982,360,32140.80078,0,198.3999939,0,2.5,-7.5,360,Ely silty clay loam,6.6,2.25,5,28.3,66.7,1.33,17.7,31.5,122,0,0,0
1982,361,32140.80078,0,179.1999969,0,4.5,-4,440,Ely silty clay loam,6.6,2.25,5,28.3,66.7,1.33,17.7,31.5,122,0,0,0
1982,362,32140.80078,19,195.1999969,20,9.5,-8.5,320,Ely silty clay loam,6.6,2.25,5,28.3,66.7,1.33,17.7,31.5,122,0,0,0
1982,363,32140.80078,0,144,20,-6,-11.5,240,Ely silty clay loam,6.6,2.25,5,28.3,66.7,1.33,17.7,31.5,122,0,0,0
1982,364,32140.80078,0,214.3999939,20,-1,-10.5,280,Ely silty clay loam,6.6,2.25,5,28.3,66.7,1.33,17.7,31.5,122,0,0,0
1982,365,32486.40039,0,182.3999939,20,1.5,-6,400,Ely silty clay loam,6.6,2.25,5,28.3,66.7,1.33,17.7,31.5,122,0,0,0
